image_path,image_name,label,split,label_path
C:\Users\CoirRaincoat\PyCharmMiscProject\AIcontest\AI\audit\competition_review\remediation_g1\dataset\train\images\0ceaac62c19eb77b75d3d34475d3615e_07690.jpg,0ceaac62c19eb77b75d3d34475d3615e_07690.jpg,0,train,C:\Users\CoirRaincoat\PyCharmMiscProject\AIcontest\AI\audit\competition_review\remediation_g1\dataset\train\labels\0ceaac62c19eb77b75d3d34475d3615e_07690.txt
C:\Users\CoirRaincoat\PyCharmMiscProject\AIcontest\AI\audit\competition_review\remediation_g1\dataset\train\images\0ceaac62c19eb77b75d3d34475d3615e_07695.jpg,0ceaac62c19eb77b75d3d34475d3615e_07695.jpg,0,train,C:\Users\CoirRaincoat\PyCharmMiscProject\AIcontest\AI\audit\competition_review\remediation_g1\dataset\train\labels\0ceaac62c19eb77b75d3d34475d3615e_07695.txt
C:\Users\CoirRaincoat\PyCharmMiscProject\AIcontest\AI\audit\competition_review\remediation_g1\dataset\train\images\0ceaac62c19eb77b75d3d34475d3615e_07700.jpg,0ceaac62c19eb77b75d3d34475d3615e_07700.jpg,0,train,C:\Users\CoirRaincoat\PyCharmMiscProject\AIcontest\AI\audit\competition_review\remediation_g1\dataset\train\labels\0ceaac62c19eb77b75d3d34475d3615e_07700.txt
C:\Users\CoirRaincoat\PyCharmMiscProject\AIcontest\AI\audit\competition_review\remediation_g1\dataset\train\images\0ceaac62c19eb77b75d3d34475d3615e_07705.jpg,0ceaac62c19eb77b75d3d34475d3615e_07705.jpg,0,train,C:\Users\CoirRaincoat\PyCharmMiscProject\AIcontest\AI\audit\competition_review\remediation_g1\dataset\train\labels\0ceaac62c19eb77b75d3d34475d3615e_07705.txt
C:\Users\CoirRaincoat\PyCharmMiscProject\AIcontest\AI\audit\competition_review\remediation_g1\dataset\train\images\20250526_firesmoke_00021.jpg,20250526_firesmoke_00021.jpg,1,train,C:\Users\CoirRaincoat\PyCharmMiscProject\AIcontest\AI\audit\competition_review\remediation_g1\dataset\train\labels\20250526_firesmoke_00021.txt
C:\Users\CoirRaincoat\PyCharmMiscProject\AIcontest\AI\audit\competition_review\remediation_g1\dataset\train\images\20250526_firesmoke_00024.jpg,20250526_firesmoke_00024.jpg,1,train,C:\Users\CoirRaincoat\PyCharmMiscProject\AIcontest\AI\audit\competition_review\remediation_g1\dataset\train\labels\20250526_firesmoke_00024.txt
C:\Users\CoirRaincoat\PyCharmMiscProject\AIcontest\AI\audit\competition_review\remediation_g1\dataset\train\images\20250526_firesmoke_00035.jpg,20250526_firesmoke_00035.jpg,1,train,C:\Users\CoirRaincoat\PyCharmMiscProject\AIcontest\AI\audit\competition_review\remediation_g1\dataset\train\labels\20250526_firesmoke_00035.txt
C:\Users\CoirRaincoat\PyCharmMiscProject\AIcontest\AI\audit\competition_review\remediation_g1\dataset\train\images\20250526_firesmoke_00038.jpg,20250526_firesmoke_00038.jpg,0,train,C:\Users\CoirRaincoat\PyCharmMiscProject\AIcontest\AI\audit\competition_review\remediation_g1\dataset\train\labels\20250526_firesmoke_00038.txt
C:\Users\CoirRaincoat\PyCharmMiscProject\AIcontest\AI\audit\competition_review\remediation_g1\dataset\train\images\20250526_firesmoke_00039.jpg,20250526_firesmoke_00039.jpg,1,train,C:\Users\CoirRaincoat\PyCharmMiscProject\AIcontest\AI\audit\competition_review\remediation_g1\dataset\train\labels\20250526_firesmoke_00039.txt
C:\Users\CoirRaincoat\PyCharmMiscProject\AIcontest\AI\audit\competition_review\remediation_g1\dataset\train\images\20250526_firesmoke_00045.jpg,20250526_firesmoke_00045.jpg,1,train,C:\Users\CoirRaincoat\PyCharmMiscProject\AIcontest\AI\audit\competition_review\remediation_g1\dataset\train\labels\20250526_firesmoke_00045.txt
C:\Users\CoirRaincoat\PyCharmMiscProject\AIcontest\AI\audit\competition_review\remediation_g1\dataset\train\images\20250526_firesmoke_00071.jpg,20250526_firesmoke_00071.jpg,1,train,C:\Users\CoirRaincoat\PyCharmMiscProject\AIcontest\AI\audit\competition_review\remediation_g1\dataset\train\labels\20250526_firesmoke_00071.txt
C:\Users\CoirRaincoat\PyCharmMiscProject\AIcontest\AI\audit\competition_review\remediation_g1\dataset\train\images\20250526_firesmoke_00101.jpg,20250526_firesmoke_00101.jpg,1,train,C:\Users\CoirRaincoat\PyCharmMiscProject\AIcontest\AI\audit\competition_review\remediation_g1\dataset\train\labels\20250526_firesmoke_00101.txt
C:\Users\CoirRaincoat\PyCharmMiscProject\AIcontest\AI\audit\competition_review\remediation_g1\dataset\train\images\20250526_firesmoke_00104.jpg,20250526_firesmoke_00104.jpg,1,train,C:\Users\CoirRaincoat\PyCharmMiscProject\AIcontest\AI\audit\competition_review\remediation_g1\dataset\train\labels\20250526_firesmoke_00104.txt
C:\Users\CoirRaincoat\PyCharmMiscProject\AIcontest\AI\audit\competition_review\remediation_g1\dataset\train\images\20250526_firesmoke_00106.jpg,20250526_firesmoke_00106.jpg,0,train,C:\Users\CoirRaincoat\PyCharmMiscProject\AIcontest\AI\audit\competition_review\remediation_g1\dataset\train\labels\20250526_firesmoke_00106.txt
C:\Users\CoirRaincoat\PyCharmMiscProject\AIcontest\AI\audit\competition_review\remediation_g1\dataset\train\images\20250526_firesmoke_00120.jpg,20250526_firesmoke_00120.jpg,0,train,C:\Users\CoirRaincoat\PyCharmMiscProject\AIcontest\AI\audit\competition_review\remediation_g1\dataset\train\labels\20250526_firesmoke_00120.txt
C:\Users\CoirRaincoat\PyCharmMiscProject\AIcontest\AI\audit\competition_review\remediation_g1\dataset\train\images\20250526_firesmoke_00127.jpg,20250526_firesmoke_00127.jpg,0,train,C:\Users\CoirRaincoat\PyCharmMiscProject\AIcontest\AI\audit\competition_review\remediation_g1\dataset\train\labels\20250526_firesmoke_00127.txt
C:\Users\CoirRaincoat\PyCharmMiscProject\AIcontest\AI\audit\competition_review\remediation_g1\dataset\train\images\20250526_firesmoke_00141.jpg,20250526_firesmoke_00141.jpg,0,train,C:\Users\CoirRaincoat\PyCharmMiscProject\AIcontest\AI\audit\competition_review\remediation_g1\dataset\train\labels\20250526_firesmoke_00141.txt
C:\Users\CoirRaincoat\PyCharmMiscProject\AIcontest\AI\audit\competition_review\remediation_g1\dataset\train\images\20250526_firesmoke_00175.jpg,20250526_firesmoke_00175.jpg,0,train,C:\Users\CoirRaincoat\PyCharmMiscProject\AIcontest\AI\audit\competition_review\remediation_g1\dataset\train\labels\20250526_firesmoke_00175.txt
C:\Users\CoirRaincoat\PyCharmMiscProject\AIcontest\AI\audit\competition_review\remediation_g1\dataset\train\images\20250526_firesmoke_00176.jpg,20250526_firesmoke_00176.jpg,1,train,C:\Users\CoirRaincoat\PyCharmMiscProject\AIcontest\AI\audit\competition_review\remediation_g1\dataset\train\labels\20250526_firesmoke_00176.txt
C:\Users\CoirRaincoat\PyCharmMiscProject\AIcontest\AI\audit\competition_review\remediation_g1\dataset\train\images\20250526_firesmoke_00197.jpg,20250526_firesmoke_00197.jpg,0,train,C:\Users\CoirRaincoat\PyCharmMiscProject\AIcontest\AI\audit\competition_review\remediation_g1\dataset\train\labels\20250526_firesmoke_00197.txt
C:\Users\CoirRaincoat\PyCharmMiscProject\AIcontest\AI\audit\competition_review\remediation_g1\dataset\train\images\20250526_firesmoke_00224.jpg,20250526_firesmoke_00224.jpg,1,train,C:\Users\CoirRaincoat\PyCharmMiscProject\AIcontest\AI\audit\competition_review\remediation_g1\dataset\train\labels\20250526_firesmoke_00224.txt
C:\Users\CoirRaincoat\PyCharmMiscProject\AIcontest\AI\audit\competition_review\remediation_g1\dataset\train\images\20250526_firesmoke_00285.jpg,20250526_firesmoke_00285.jpg,1,train,C:\Users\CoirRaincoat\PyCharmMiscProject\AIcontest\AI\audit\competition_review\remediation_g1\dataset\train\labels\20250526_firesmoke_00285.txt
C:\Users\CoirRaincoat\PyCharmMiscProject\AIcontest\AI\audit\competition_review\remediation_g1\dataset\train\images\20250526_firesmoke_00320.jpg,20250526_firesmoke_00320.jpg,1,train,C:\Users\CoirRaincoat\PyCharmMiscProject\AIcontest\AI\audit\competition_review\remediation_g1\dataset\train\labels\20250526_firesmoke_00320.txt
C:\Users\CoirRaincoat\PyCharmMiscProject\AIcontest\AI\audit\competition_review\remediation_g1\dataset\train\images\20250526_firesmoke_00325.jpg,20250526_firesmoke_00325.jpg,0,train,C:\Users\CoirRaincoat\PyCharmMiscProject\AIcontest\AI\audit\competition_review\remediation_g1\dataset\train\labels\20250526_firesmoke_00325.txt
C:\Users\CoirRaincoat\PyCharmMiscProject\AIcontest\AI\audit\competition_review\remediation_g1\dataset\train\images\20250526_firesmoke_00331.jpg,20250526_firesmoke_00331.jpg,1,train,C:\Users\CoirRaincoat\PyCharmMiscProject\AIcontest\AI\audit\competition_review\remediation_g1\dataset\train\labels\20250526_firesmoke_00331.txt
C:\Users\CoirRaincoat\PyCharmMiscProject\AIcontest\AI\audit\competition_review\remediation_g1\dataset\train\images\20250526_firesmoke_00332.jpg,20250526_firesmoke_00332.jpg,0,train,C:\Users\CoirRaincoat\PyCharmMiscProject\AIcontest\AI\audit\competition_review\remediation_g1\dataset\train\labels\20250526_firesmoke_00332.txt
C:\Users\CoirRaincoat\PyCharmMiscProject\AIcontest\AI\audit\competition_review\remediation_g1\dataset\train\images\20250526_firesmoke_00357.jpg,20250526_firesmoke_00357.jpg,1,train,C:\Users\CoirRaincoat\PyCharmMiscProject\AIcontest\AI\audit\competition_review\remediation_g1\dataset\train\labels\20250526_firesmoke_00357.txt
C:\Users\CoirRaincoat\PyCharmMiscProject\AIcontest\AI\audit\competition_review\remediation_g1\dataset\train\images\20250526_firesmoke_00388.jpg,20250526_firesmoke_00388.jpg,1,train,C:\Users\CoirRaincoat\PyCharmMiscProject\AIcontest\AI\audit\competition_review\remediation_g1\dataset\train\labels\20250526_firesmoke_00388.txt
C:\Users\CoirRaincoat\PyCharmMiscProject\AIcontest\AI\audit\competition_review\remediation_g1\dataset\train\images\20250526_firesmoke_00402.jpg,20250526_firesmoke_00402.jpg,1,train,C:\Users\CoirRaincoat\PyCharmMiscProject\AIcontest\AI\audit\competition_review\remediation_g1\dataset\train\labels\20250526_firesmoke_00402.txt
C:\Users\CoirRaincoat\PyCharmMiscProject\AIcontest\AI\audit\competition_review\remediation_g1\dataset\train\images\20250526_firesmoke_00407.jpg,20250526_firesmoke_00407.jpg,1,train,C:\Users\CoirRaincoat\PyCharmMiscProject\AIcontest\AI\audit\competition_review\remediation_g1\dataset\train\labels\20250526_firesmoke_00407.txt
C:\Users\CoirRaincoat\PyCharmMiscProject\AIcontest\AI\audit\competition_review\remediation_g1\dataset\train\images\20250526_firesmoke_00409.jpg,20250526_firesmoke_00409.jpg,1,train,C:\Users\CoirRaincoat\PyCharmMiscProject\AIcontest\AI\audit\competition_review\remediation_g1\dataset\train\labels\20250526_firesmoke_00409.txt
C:\Users\CoirRaincoat\PyCharmMiscProject\AIcontest\AI\audit\competition_review\remediation_g1\dataset\train\images\20250526_firesmoke_00455.jpg,20250526_firesmoke_00455.jpg,1,train,C:\Users\CoirRaincoat\PyCharmMiscProject\AIcontest\AI\audit\competition_review\remediation_g1\dataset\train\labels\20250526_firesmoke_00455.txt
C:\Users\CoirRaincoat\PyCharmMiscProject\AIcontest\AI\audit\competition_review\remediation_g1\dataset\train\images\20250526_firesmoke_00461.jpg,20250526_firesmoke_00461.jpg,0,train,C:\Users\CoirRaincoat\PyCharmMiscProject\AIcontest\AI\audit\competition_review\remediation_g1\dataset\train\labels\20250526_firesmoke_00461.txt
C:\Users\CoirRaincoat\PyCharmMiscProject\AIcontest\AI\audit\competition_review\remediation_g1\dataset\train\images\20250526_firesmoke_00471.jpg,20250526_firesmoke_00471.jpg,1,train,C:\Users\CoirRaincoat\PyCharmMiscProject\AIcontest\AI\audit\competition_review\remediation_g1\dataset\train\labels\20250526_firesmoke_00471.txt
C:\Users\CoirRaincoat\PyCharmMiscProject\AIcontest\AI\audit\competition_review\remediation_g1\dataset\train\images\20250526_firesmoke_00536.jpg,20250526_firesmoke_00536.jpg,1,train,C:\Users\CoirRaincoat\PyCharmMiscProject\AIcontest\AI\audit\competition_review\remediation_g1\dataset\train\labels\20250526_firesmoke_00536.txt
C:\Users\CoirRaincoat\PyCharmMiscProject\AIcontest\AI\audit\competition_review\remediation_g1\dataset\train\images\20250526_firesmoke_00578.jpg,20250526_firesmoke_00578.jpg,1,train,C:\Users\CoirRaincoat\PyCharmMiscProject\AIcontest\AI\audit\competition_review\remediation_g1\dataset\train\labels\20250526_firesmoke_00578.txt
C:\Users\CoirRaincoat\PyCharmMiscProject\AIcontest\AI\audit\competition_review\remediation_g1\dataset\train\images\20250526_firesmoke_00595.jpg,20250526_firesmoke_00595.jpg,0,train,C:\Users\CoirRaincoat\PyCharmMiscProject\AIcontest\AI\audit\competition_review\remediation_g1\dataset\train\labels\20250526_firesmoke_00595.txt
C:\Users\CoirRaincoat\PyCharmMiscProject\AIcontest\AI\audit\competition_review\remediation_g1\dataset\train\images\20250526_firesmoke_00606.jpg,20250526_firesmoke_00606.jpg,1,train,C:\Users\CoirRaincoat\PyCharmMiscProject\AIcontest\AI\audit\competition_review\remediation_g1\dataset\train\labels\20250526_firesmoke_00606.txt
C:\Users\CoirRaincoat\PyCharmMiscProject\AIcontest\AI\audit\competition_review\remediation_g1\dataset\train\images\20250526_firesmoke_00608.jpg,20250526_firesmoke_00608.jpg,1,train,C:\Users\CoirRaincoat\PyCharmMiscProject\AIcontest\AI\audit\competition_review\remediation_g1\dataset\train\labels\20250526_firesmoke_00608.txt
C:\Users\CoirRaincoat\PyCharmMiscProject\AIcontest\AI\audit\competition_review\remediation_g1\dataset\train\images\20250526_firesmoke_00615.jpg,20250526_firesmoke_00615.jpg,1,train,C:\Users\CoirRaincoat\PyCharmMiscProject\AIcontest\AI\audit\competition_review\remediation_g1\dataset\train\labels\20250526_firesmoke_00615.txt
C:\Users\CoirRaincoat\PyCharmMiscProject\AIcontest\AI\audit\competition_review\remediation_g1\dataset\train\images\20250526_firesmoke_00644.jpg,20250526_firesmoke_00644.jpg,1,train,C:\Users\CoirRaincoat\PyCharmMiscProject\AIcontest\AI\audit\competition_review\remediation_g1\dataset\train\labels\20250526_firesmoke_00644.txt
C:\Users\CoirRaincoat\PyCharmMiscProject\AIcontest\AI\audit\competition_review\remediation_g1\dataset\train\images\20250526_firesmoke_00645.jpg,20250526_firesmoke_00645.jpg,1,train,C:\Users\CoirRaincoat\PyCharmMiscProject\AIcontest\AI\audit\competition_review\remediation_g1\dataset\train\labels\20250526_firesmoke_00645.txt
C:\Users\CoirRaincoat\PyCharmMiscProject\AIcontest\AI\audit\competition_review\remediation_g1\dataset\train\images\20250526_firesmoke_00736.jpg,20250526_firesmoke_00736.jpg,1,train,C:\Users\CoirRaincoat\PyCharmMiscProject\AIcontest\AI\audit\competition_review\remediation_g1\dataset\train\labels\20250526_firesmoke_00736.txt
C:\Users\CoirRaincoat\PyCharmMiscProject\AIcontest\AI\audit\competition_review\remediation_g1\dataset\train\images\20250526_firesmoke_00800.jpg,20250526_firesmoke_00800.jpg,1,train,C:\Users\CoirRaincoat\PyCharmMiscProject\AIcontest\AI\audit\competition_review\remediation_g1\dataset\train\labels\20250526_firesmoke_00800.txt
C:\Users\CoirRaincoat\PyCharmMiscProject\AIcontest\AI\audit\competition_review\remediation_g1\dataset\train\images\20250526_firesmoke_00843.jpg,20250526_firesmoke_00843.jpg,1,train,C:\Users\CoirRaincoat\PyCharmMiscProject\AIcontest\AI\audit\competition_review\remediation_g1\dataset\train\labels\20250526_firesmoke_00843.txt
C:\Users\CoirRaincoat\PyCharmMiscProject\AIcontest\AI\audit\competition_review\remediation_g1\dataset\train\images\20250526_firesmoke_00844.jpg,20250526_firesmoke_00844.jpg,1,train,C:\Users\CoirRaincoat\PyCharmMiscProject\AIcontest\AI\audit\competition_review\remediation_g1\dataset\train\labels\20250526_firesmoke_00844.txt
C:\Users\CoirRaincoat\PyCharmMiscProject\AIcontest\AI\audit\competition_review\remediation_g1\dataset\train\images\20250526_firesmoke_00856.jpg,20250526_firesmoke_00856.jpg,1,train,C:\Users\CoirRaincoat\PyCharmMiscProject\AIcontest\AI\audit\competition_review\remediation_g1\dataset\train\labels\20250526_firesmoke_00856.txt
C:\Users\CoirRaincoat\PyCharmMiscProject\AIcontest\AI\audit\competition_review\remediation_g1\dataset\train\images\20250526_firesmoke_00969.jpg,20250526_firesmoke_00969.jpg,0,train,C:\Users\CoirRaincoat\PyCharmMiscProject\AIcontest\AI\audit\competition_review\remediation_g1\dataset\train\labels\20250526_firesmoke_00969.txt
C:\Users\CoirRaincoat\PyCharmMiscProject\AIcontest\AI\audit\competition_review\remediation_g1\dataset\train\images\20250526_firesmoke_00974.jpg,20250526_firesmoke_00974.jpg,1,train,C:\Users\CoirRaincoat\PyCharmMiscProject\AIcontest\AI\audit\competition_review\remediation_g1\dataset\train\labels\20250526_firesmoke_00974.txt
C:\Users\CoirRaincoat\PyCharmMiscProject\AIcontest\AI\audit\competition_review\remediation_g1\dataset\train\images\20250526_firesmoke_01025.jpg,20250526_firesmoke_01025.jpg,1,train,C:\Users\CoirRaincoat\PyCharmMiscProject\AIcontest\AI\audit\competition_review\remediation_g1\dataset\train\labels\20250526_firesmoke_01025.txt
C:\Users\CoirRaincoat\PyCharmMiscProject\AIcontest\AI\audit\competition_review\remediation_g1\dataset\train\images\20250526_firesmoke_01089.jpg,20250526_firesmoke_01089.jpg,1,train,C:\Users\CoirRaincoat\PyCharmMiscProject\AIcontest\AI\audit\competition_review\remediation_g1\dataset\train\labels\20250526_firesmoke_01089.txt
C:\Users\CoirRaincoat\PyCharmMiscProject\AIcontest\AI\audit\competition_review\remediation_g1\dataset\train\images\20250526_firesmoke_01157.jpg,20250526_firesmoke_01157.jpg,1,train,C:\Users\CoirRaincoat\PyCharmMiscProject\AIcontest\AI\audit\competition_review\remediation_g1\dataset\train\labels\20250526_firesmoke_01157.txt
C:\Users\CoirRaincoat\PyCharmMiscProject\AIcontest\AI\audit\competition_review\remediation_g1\dataset\train\images\20250526_firesmoke_01159.jpg,20250526_firesmoke_01159.jpg,0,train,C:\Users\CoirRaincoat\PyCharmMiscProject\AIcontest\AI\audit\competition_review\remediation_g1\dataset\train\labels\20250526_firesmoke_01159.txt
C:\Users\CoirRaincoat\PyCharmMiscProject\AIcontest\AI\audit\competition_review\remediation_g1\dataset\train\images\20250526_firesmoke_01189.jpg,20250526_firesmoke_01189.jpg,1,train,C:\Users\CoirRaincoat\PyCharmMiscProject\AIcontest\AI\audit\competition_review\remediation_g1\dataset\train\labels\20250526_firesmoke_01189.txt
C:\Users\CoirRaincoat\PyCharmMiscProject\AIcontest\AI\audit\competition_review\remediation_g1\dataset\train\images\20250526_firesmoke_01199.jpg,20250526_firesmoke_01199.jpg,0,train,C:\Users\CoirRaincoat\PyCharmMiscProject\AIcontest\AI\audit\competition_review\remediation_g1\dataset\train\labels\20250526_firesmoke_01199.txt
C:\Users\CoirRaincoat\PyCharmMiscProject\AIcontest\AI\audit\competition_review\remediation_g1\dataset\train\images\20250526_firesmoke_01208.jpg,20250526_firesmoke_01208.jpg,0,train,C:\Users\CoirRaincoat\PyCharmMiscProject\AIcontest\AI\audit\competition_review\remediation_g1\dataset\train\labels\20250526_firesmoke_01208.txt
C:\Users\CoirRaincoat\PyCharmMiscProject\AIcontest\AI\audit\competition_review\remediation_g1\dataset\train\images\20250526_firesmoke_01229.jpg,20250526_firesmoke_01229.jpg,1,train,C:\Users\CoirRaincoat\PyCharmMiscProject\AIcontest\AI\audit\competition_review\remediation_g1\dataset\train\labels\20250526_firesmoke_01229.txt
C:\Users\CoirRaincoat\PyCharmMiscProject\AIcontest\AI\audit\competition_review\remediation_g1\dataset\train\images\20250526_firesmoke_01247.jpg,20250526_firesmoke_01247.jpg,1,train,C:\Users\CoirRaincoat\PyCharmMiscProject\AIcontest\AI\audit\competition_review\remediation_g1\dataset\train\labels\20250526_firesmoke_01247.txt
C:\Users\CoirRaincoat\PyCharmMiscProject\AIcontest\AI\audit\competition_review\remediation_g1\dataset\train\images\20250526_firesmoke_01269.jpg,20250526_firesmoke_01269.jpg,1,train,C:\Users\CoirRaincoat\PyCharmMiscProject\AIcontest\AI\audit\competition_review\remediation_g1\dataset\train\labels\20250526_firesmoke_01269.txt
C:\Users\CoirRaincoat\PyCharmMiscProject\AIcontest\AI\audit\competition_review\remediation_g1\dataset\train\images\20250526_firesmoke_01286.jpg,20250526_firesmoke_01286.jpg,1,train,C:\Users\CoirRaincoat\PyCharmMiscProject\AIcontest\AI\audit\competition_review\remediation_g1\dataset\train\labels\20250526_firesmoke_01286.txt
C:\Users\CoirRaincoat\PyCharmMiscProject\AIcontest\AI\audit\competition_review\remediation_g1\dataset\train\images\20250526_firesmoke_01306.jpg,20250526_firesmoke_01306.jpg,1,train,C:\Users\CoirRaincoat\PyCharmMiscProject\AIcontest\AI\audit\competition_review\remediation_g1\dataset\train\labels\20250526_firesmoke_01306.txt
C:\Users\CoirRaincoat\PyCharmMiscProject\AIcontest\AI\audit\competition_review\remediation_g1\dataset\train\images\20250526_firesmoke_01349.jpg,20250526_firesmoke_01349.jpg,1,train,C:\Users\CoirRaincoat\PyCharmMiscProject\AIcontest\AI\audit\competition_review\remediation_g1\dataset\train\labels\20250526_firesmoke_01349.txt
C:\Users\CoirRaincoat\PyCharmMiscProject\AIcontest\AI\audit\competition_review\remediation_g1\dataset\train\images\20250526_firesmoke_02412.jpg,20250526_firesmoke_02412.jpg,1,train,C:\Users\CoirRaincoat\PyCharmMiscProject\AIcontest\AI\audit\competition_review\remediation_g1\dataset\train\labels\20250526_firesmoke_02412.txt
C:\Users\CoirRaincoat\PyCharmMiscProject\AIcontest\AI\audit\competition_review\remediation_g1\dataset\train\images\20250526_firesmoke_02757.jpg,20250526_firesmoke_02757.jpg,0,train,C:\Users\CoirRaincoat\PyCharmMiscProject\AIcontest\AI\audit\competition_review\remediation_g1\dataset\train\labels\20250526_firesmoke_02757.txt
C:\Users\CoirRaincoat\PyCharmMiscProject\AIcontest\AI\audit\competition_review\remediation_g1\dataset\train\images\20250526_firesmoke_02831.jpg,20250526_firesmoke_02831.jpg,0,train,C:\Users\CoirRaincoat\PyCharmMiscProject\AIcontest\AI\audit\competition_review\remediation_g1\dataset\train\labels\20250526_firesmoke_02831.txt
C:\Users\CoirRaincoat\PyCharmMiscProject\AIcontest\AI\audit\competition_review\remediation_g1\dataset\train\images\20250526_firesmoke_02833.jpg,20250526_firesmoke_02833.jpg,1,train,C:\Users\CoirRaincoat\PyCharmMiscProject\AIcontest\AI\audit\competition_review\remediation_g1\dataset\train\labels\20250526_firesmoke_02833.txt
C:\Users\CoirRaincoat\PyCharmMiscProject\AIcontest\AI\audit\competition_review\remediation_g1\dataset\train\images\20250526_firesmoke_03261.jpg,20250526_firesmoke_03261.jpg,1,train,C:\Users\CoirRaincoat\PyCharmMiscProject\AIcontest\AI\audit\competition_review\remediation_g1\dataset\train\labels\20250526_firesmoke_03261.txt
C:\Users\CoirRaincoat\PyCharmMiscProject\AIcontest\AI\audit\competition_review\remediation_g1\dataset\train\images\20260116_fs_sjt_00000.jpg,20260116_fs_sjt_00000.jpg,0,train,C:\Users\CoirRaincoat\PyCharmMiscProject\AIcontest\AI\audit\competition_review\remediation_g1\dataset\train\labels\20260116_fs_sjt_00000.txt
C:\Users\CoirRaincoat\PyCharmMiscProject\AIcontest\AI\audit\competition_review\remediation_g1\dataset\train\images\20260116_fs_sjt_00007.jpg,20260116_fs_sjt_00007.jpg,1,train,C:\Users\CoirRaincoat\PyCharmMiscProject\AIcontest\AI\audit\competition_review\remediation_g1\dataset\train\labels\20260116_fs_sjt_00007.txt
C:\Users\CoirRaincoat\PyCharmMiscProject\AIcontest\AI\audit\competition_review\remediation_g1\dataset\train\images\20260116_fs_sjt_00009.jpg,20260116_fs_sjt_00009.jpg,1,train,C:\Users\CoirRaincoat\PyCharmMiscProject\AIcontest\AI\audit\competition_review\remediation_g1\dataset\train\labels\20260116_fs_sjt_00009.txt
C:\Users\CoirRaincoat\PyCharmMiscProject\AIcontest\AI\audit\competition_review\remediation_g1\dataset\train\images\20260116_fs_sjt_00011.jpg,20260116_fs_sjt_00011.jpg,1,train,C:\Users\CoirRaincoat\PyCharmMiscProject\AIcontest\AI\audit\competition_review\remediation_g1\dataset\train\labels\20260116_fs_sjt_00011.txt
C:\Users\CoirRaincoat\PyCharmMiscProject\AIcontest\AI\audit\competition_review\remediation_g1\dataset\train\images\20260116_fs_sjt_00016.jpg,20260116_fs_sjt_00016.jpg,1,train,C:\Users\CoirRaincoat\PyCharmMiscProject\AIcontest\AI\audit\competition_review\remediation_g1\dataset\train\labels\20260116_fs_sjt_00016.txt
C:\Users\CoirRaincoat\PyCharmMiscProject\AIcontest\AI\audit\competition_review\remediation_g1\dataset\train\images\20260116_fs_sjt_00017.jpg,20260116_fs_sjt_00017.jpg,1,train,C:\Users\CoirRaincoat\PyCharmMiscProject\AIcontest\AI\audit\competition_review\remediation_g1\dataset\train\labels\20260116_fs_sjt_00017.txt
C:\Users\CoirRaincoat\PyCharmMiscProject\AIcontest\AI\audit\competition_review\remediation_g1\dataset\train\images\20260116_fs_sjt_00018.jpg,20260116_fs_sjt_00018.jpg,0,train,C:\Users\CoirRaincoat\PyCharmMiscProject\AIcontest\AI\audit\competition_review\remediation_g1\dataset\train\labels\20260116_fs_sjt_00018.txt
C:\Users\CoirRaincoat\PyCharmMiscProject\AIcontest\AI\audit\competition_review\remediation_g1\dataset\train\images\20260116_fs_sjt_00021.jpg,20260116_fs_sjt_00021.jpg,1,train,C:\Users\CoirRaincoat\PyCharmMiscProject\AIcontest\AI\audit\competition_review\remediation_g1\dataset\train\labels\20260116_fs_sjt_00021.txt
C:\Users\CoirRaincoat\PyCharmMiscProject\AIcontest\AI\audit\competition_review\remediation_g1\dataset\train\images\20260116_fs_sjt_00023.jpg,20260116_fs_sjt_00023.jpg,0,train,C:\Users\CoirRaincoat\PyCharmMiscProject\AIcontest\AI\audit\competition_review\remediation_g1\dataset\train\labels\20260116_fs_sjt_00023.txt
C:\Users\CoirRaincoat\PyCharmMiscProject\AIcontest\AI\audit\competition_review\remediation_g1\dataset\train\images\20260116_fs_sjt_00034.jpg,20260116_fs_sjt_00034.jpg,1,train,C:\Users\CoirRaincoat\PyCharmMiscProject\AIcontest\AI\audit\competition_review\remediation_g1\dataset\train\labels\20260116_fs_sjt_00034.txt
C:\Users\CoirRaincoat\PyCharmMiscProject\AIcontest\AI\audit\competition_review\remediation_g1\dataset\train\images\20260116_fs_sjt_00039.jpg,20260116_fs_sjt_00039.jpg,1,train,C:\Users\CoirRaincoat\PyCharmMiscProject\AIcontest\AI\audit\competition_review\remediation_g1\dataset\train\labels\20260116_fs_sjt_00039.txt
C:\Users\CoirRaincoat\PyCharmMiscProject\AIcontest\AI\audit\competition_review\remediation_g1\dataset\train\images\20260116_fs_sjt_00041.jpg,20260116_fs_sjt_00041.jpg,1,train,C:\Users\CoirRaincoat\PyCharmMiscProject\AIcontest\AI\audit\competition_review\remediation_g1\dataset\train\labels\20260116_fs_sjt_00041.txt
C:\Users\CoirRaincoat\PyCharmMiscProject\AIcontest\AI\audit\competition_review\remediation_g1\dataset\train\images\20260116_fs_sjt_00047.jpg,20260116_fs_sjt_00047.jpg,1,train,C:\Users\CoirRaincoat\PyCharmMiscProject\AIcontest\AI\audit\competition_review\remediation_g1\dataset\train\labels\20260116_fs_sjt_00047.txt
C:\Users\CoirRaincoat\PyCharmMiscProject\AIcontest\AI\audit\competition_review\remediation_g1\dataset\train\images\20260116_fs_sjt_00049.jpg,20260116_fs_sjt_00049.jpg,1,train,C:\Users\CoirRaincoat\PyCharmMiscProject\AIcontest\AI\audit\competition_review\remediation_g1\dataset\train\labels\20260116_fs_sjt_00049.txt
C:\Users\CoirRaincoat\PyCharmMiscProject\AIcontest\AI\audit\competition_review\remediation_g1\dataset\train\images\20260116_fs_sjt_00052.jpg,20260116_fs_sjt_00052.jpg,0,train,C:\Users\CoirRaincoat\PyCharmMiscProject\AIcontest\AI\audit\competition_review\remediation_g1\dataset\train\labels\20260116_fs_sjt_00052.txt
C:\Users\CoirRaincoat\PyCharmMiscProject\AIcontest\AI\audit\competition_review\remediation_g1\dataset\train\images\20260116_fs_sjt_00057.jpg,20260116_fs_sjt_00057.jpg,0,train,C:\Users\CoirRaincoat\PyCharmMiscProject\AIcontest\AI\audit\competition_review\remediation_g1\dataset\train\labels\20260116_fs_sjt_00057.txt
C:\Users\CoirRaincoat\PyCharmMiscProject\AIcontest\AI\audit\competition_review\remediation_g1\dataset\train\images\20260116_fs_sjt_00058.jpg,20260116_fs_sjt_00058.jpg,0,train,C:\Users\CoirRaincoat\PyCharmMiscProject\AIcontest\AI\audit\competition_review\remediation_g1\dataset\train\labels\20260116_fs_sjt_00058.txt
C:\Users\CoirRaincoat\PyCharmMiscProject\AIcontest\AI\audit\competition_review\remediation_g1\dataset\train\images\20260116_fs_sjt_00059.jpg,20260116_fs_sjt_00059.jpg,1,train,C:\Users\CoirRaincoat\PyCharmMiscProject\AIcontest\AI\audit\competition_review\remediation_g1\dataset\train\labels\20260116_fs_sjt_00059.txt
C:\Users\CoirRaincoat\PyCharmMiscProject\AIcontest\AI\audit\competition_review\remediation_g1\dataset\train\images\20260116_fs_sjt_00064.jpg,20260116_fs_sjt_00064.jpg,1,train,C:\Users\CoirRaincoat\PyCharmMiscProject\AIcontest\AI\audit\competition_review\remediation_g1\dataset\train\labels\20260116_fs_sjt_00064.txt
C:\Users\CoirRaincoat\PyCharmMiscProject\AIcontest\AI\audit\competition_review\remediation_g1\dataset\train\images\20260116_fs_sjt_00065.jpg,20260116_fs_sjt_00065.jpg,0,train,C:\Users\CoirRaincoat\PyCharmMiscProject\AIcontest\AI\audit\competition_review\remediation_g1\dataset\train\labels\20260116_fs_sjt_00065.txt
C:\Users\CoirRaincoat\PyCharmMiscProject\AIcontest\AI\audit\competition_review\remediation_g1\dataset\train\images\20260116_fs_sjt_00070.jpg,20260116_fs_sjt_00070.jpg,1,train,C:\Users\CoirRaincoat\PyCharmMiscProject\AIcontest\AI\audit\competition_review\remediation_g1\dataset\train\labels\20260116_fs_sjt_00070.txt
C:\Users\CoirRaincoat\PyCharmMiscProject\AIcontest\AI\audit\competition_review\remediation_g1\dataset\train\images\20260116_fs_sjt_00071.jpg,20260116_fs_sjt_00071.jpg,0,train,C:\Users\CoirRaincoat\PyCharmMiscProject\AIcontest\AI\audit\competition_review\remediation_g1\dataset\train\labels\20260116_fs_sjt_00071.txt
C:\Users\CoirRaincoat\PyCharmMiscProject\AIcontest\AI\audit\competition_review\remediation_g1\dataset\train\images\20260116_fs_sjt_00077.jpg,20260116_fs_sjt_00077.jpg,0,train,C:\Users\CoirRaincoat\PyCharmMiscProject\AIcontest\AI\audit\competition_review\remediation_g1\dataset\train\labels\20260116_fs_sjt_00077.txt
C:\Users\CoirRaincoat\PyCharmMiscProject\AIcontest\AI\audit\competition_review\remediation_g1\dataset\train\images\20260116_fs_sjt_00081.jpg,20260116_fs_sjt_00081.jpg,1,train,C:\Users\CoirRaincoat\PyCharmMiscProject\AIcontest\AI\audit\competition_review\remediation_g1\dataset\train\labels\20260116_fs_sjt_00081.txt
C:\Users\CoirRaincoat\PyCharmMiscProject\AIcontest\AI\audit\competition_review\remediation_g1\dataset\train\images\20260116_fs_sjt_00082.jpg,20260116_fs_sjt_00082.jpg,1,train,C:\Users\CoirRaincoat\PyCharmMiscProject\AIcontest\AI\audit\competition_review\remediation_g1\dataset\train\labels\20260116_fs_sjt_00082.txt
C:\Users\CoirRaincoat\PyCharmMiscProject\AIcontest\AI\audit\competition_review\remediation_g1\dataset\train\images\20260116_fs_sjt_00088.jpg,20260116_fs_sjt_00088.jpg,1,train,C:\Users\CoirRaincoat\PyCharmMiscProject\AIcontest\AI\audit\competition_review\remediation_g1\dataset\train\labels\20260116_fs_sjt_00088.txt
C:\Users\CoirRaincoat\PyCharmMiscProject\AIcontest\AI\audit\competition_review\remediation_g1\dataset\train\images\20260116_fs_sjt_00101.jpg,20260116_fs_sjt_00101.jpg,1,train,C:\Users\CoirRaincoat\PyCharmMiscProject\AIcontest\AI\audit\competition_review\remediation_g1\dataset\train\labels\20260116_fs_sjt_00101.txt
C:\Users\CoirRaincoat\PyCharmMiscProject\AIcontest\AI\audit\competition_review\remediation_g1\dataset\train\images\20260116_fs_sjt_00102.jpg,20260116_fs_sjt_00102.jpg,1,train,C:\Users\CoirRaincoat\PyCharmMiscProject\AIcontest\AI\audit\competition_review\remediation_g1\dataset\train\labels\20260116_fs_sjt_00102.txt
C:\Users\CoirRaincoat\PyCharmMiscProject\AIcontest\AI\audit\competition_review\remediation_g1\dataset\train\images\20260116_fs_sjt_00119.jpg,20260116_fs_sjt_00119.jpg,1,train,C:\Users\CoirRaincoat\PyCharmMiscProject\AIcontest\AI\audit\competition_review\remediation_g1\dataset\train\labels\20260116_fs_sjt_00119.txt
C:\Users\CoirRaincoat\PyCharmMiscProject\AIcontest\AI\audit\competition_review\remediation_g1\dataset\train\images\20260116_fs_sjt_00121.jpg,20260116_fs_sjt_00121.jpg,0,train,C:\Users\CoirRaincoat\PyCharmMiscProject\AIcontest\AI\audit\competition_review\remediation_g1\dataset\train\labels\20260116_fs_sjt_00121.txt
C:\Users\CoirRaincoat\PyCharmMiscProject\AIcontest\AI\audit\competition_review\remediation_g1\dataset\train\images\20260116_fs_sjt_00133.jpg,20260116_fs_sjt_00133.jpg,1,train,C:\Users\CoirRaincoat\PyCharmMiscProject\AIcontest\AI\audit\competition_review\remediation_g1\dataset\train\labels\20260116_fs_sjt_00133.txt
C:\Users\CoirRaincoat\PyCharmMiscProject\AIcontest\AI\audit\competition_review\remediation_g1\dataset\train\images\20260116_fs_sjt_00135.jpg,20260116_fs_sjt_00135.jpg,1,train,C:\Users\CoirRaincoat\PyCharmMiscProject\AIcontest\AI\audit\competition_review\remediation_g1\dataset\train\labels\20260116_fs_sjt_00135.txt
C:\Users\CoirRaincoat\PyCharmMiscProject\AIcontest\AI\audit\competition_review\remediation_g1\dataset\train\images\20260116_fs_sjt_00145.jpg,20260116_fs_sjt_00145.jpg,0,train,C:\Users\CoirRaincoat\PyCharmMiscProject\AIcontest\AI\audit\competition_review\remediation_g1\dataset\train\labels\20260116_fs_sjt_00145.txt
C:\Users\CoirRaincoat\PyCharmMiscProject\AIcontest\AI\audit\competition_review\remediation_g1\dataset\train\images\20260116_fs_sjt_00146.jpg,20260116_fs_sjt_00146.jpg,1,train,C:\Users\CoirRaincoat\PyCharmMiscProject\AIcontest\AI\audit\competition_review\remediation_g1\dataset\train\labels\20260116_fs_sjt_00146.txt
C:\Users\CoirRaincoat\PyCharmMiscProject\AIcontest\AI\audit\competition_review\remediation_g1\dataset\train\images\20260116_fs_sjt_00149.jpg,20260116_fs_sjt_00149.jpg,0,train,C:\Users\CoirRaincoat\PyCharmMiscProject\AIcontest\AI\audit\competition_review\remediation_g1\dataset\train\labels\20260116_fs_sjt_00149.txt
C:\Users\CoirRaincoat\PyCharmMiscProject\AIcontest\AI\audit\competition_review\remediation_g1\dataset\train\images\20260116_fs_sjt_00151.jpg,20260116_fs_sjt_00151.jpg,1,train,C:\Users\CoirRaincoat\PyCharmMiscProject\AIcontest\AI\audit\competition_review\remediation_g1\dataset\train\labels\20260116_fs_sjt_00151.txt
C:\Users\CoirRaincoat\PyCharmMiscProject\AIcontest\AI\audit\competition_review\remediation_g1\dataset\train\images\20260116_fs_sjt_00152.jpg,20260116_fs_sjt_00152.jpg,0,train,C:\Users\CoirRaincoat\PyCharmMiscProject\AIcontest\AI\audit\competition_review\remediation_g1\dataset\train\labels\20260116_fs_sjt_00152.txt
C:\Users\CoirRaincoat\PyCharmMiscProject\AIcontest\AI\audit\competition_review\remediation_g1\dataset\train\images\20260116_fs_sjt_00159.jpg,20260116_fs_sjt_00159.jpg,1,train,C:\Users\CoirRaincoat\PyCharmMiscProject\AIcontest\AI\audit\competition_review\remediation_g1\dataset\train\labels\20260116_fs_sjt_00159.txt
C:\Users\CoirRaincoat\PyCharmMiscProject\AIcontest\AI\audit\competition_review\remediation_g1\dataset\train\images\20260116_fs_sjt_00161.jpg,20260116_fs_sjt_00161.jpg,1,train,C:\Users\CoirRaincoat\PyCharmMiscProject\AIcontest\AI\audit\competition_review\remediation_g1\dataset\train\labels\20260116_fs_sjt_00161.txt
C:\Users\CoirRaincoat\PyCharmMiscProject\AIcontest\AI\audit\competition_review\remediation_g1\dataset\train\images\20260116_fs_sjt_00166.jpg,20260116_fs_sjt_00166.jpg,1,train,C:\Users\CoirRaincoat\PyCharmMiscProject\AIcontest\AI\audit\competition_review\remediation_g1\dataset\train\labels\20260116_fs_sjt_00166.txt
C:\Users\CoirRaincoat\PyCharmMiscProject\AIcontest\AI\audit\competition_review\remediation_g1\dataset\train\images\20260116_fs_sjt_00168.jpg,20260116_fs_sjt_00168.jpg,1,train,C:\Users\CoirRaincoat\PyCharmMiscProject\AIcontest\AI\audit\competition_review\remediation_g1\dataset\train\labels\20260116_fs_sjt_00168.txt
C:\Users\CoirRaincoat\PyCharmMiscProject\AIcontest\AI\audit\competition_review\remediation_g1\dataset\train\images\20260116_fs_sjt_00171.jpg,20260116_fs_sjt_00171.jpg,0,train,C:\Users\CoirRaincoat\PyCharmMiscProject\AIcontest\AI\audit\competition_review\remediation_g1\dataset\train\labels\20260116_fs_sjt_00171.txt
C:\Users\CoirRaincoat\PyCharmMiscProject\AIcontest\AI\audit\competition_review\remediation_g1\dataset\train\images\20260116_fs_sjt_00176.jpg,20260116_fs_sjt_00176.jpg,0,train,C:\Users\CoirRaincoat\PyCharmMiscProject\AIcontest\AI\audit\competition_review\remediation_g1\dataset\train\labels\20260116_fs_sjt_00176.txt
C:\Users\CoirRaincoat\PyCharmMiscProject\AIcontest\AI\audit\competition_review\remediation_g1\dataset\train\images\20260116_fs_sjt_00178.jpg,20260116_fs_sjt_00178.jpg,1,train,C:\Users\CoirRaincoat\PyCharmMiscProject\AIcontest\AI\audit\competition_review\remediation_g1\dataset\train\labels\20260116_fs_sjt_00178.txt
C:\Users\CoirRaincoat\PyCharmMiscProject\AIcontest\AI\audit\competition_review\remediation_g1\dataset\train\images\20260116_fs_sjt_00182.jpg,20260116_fs_sjt_00182.jpg,1,train,C:\Users\CoirRaincoat\PyCharmMiscProject\AIcontest\AI\audit\competition_review\remediation_g1\dataset\train\labels\20260116_fs_sjt_00182.txt
C:\Users\CoirRaincoat\PyCharmMiscProject\AIcontest\AI\audit\competition_review\remediation_g1\dataset\train\images\20260116_fs_sjt_00188.jpg,20260116_fs_sjt_00188.jpg,1,train,C:\Users\CoirRaincoat\PyCharmMiscProject\AIcontest\AI\audit\competition_review\remediation_g1\dataset\train\labels\20260116_fs_sjt_00188.txt
C:\Users\CoirRaincoat\PyCharmMiscProject\AIcontest\AI\audit\competition_review\remediation_g1\dataset\train\images\20260116_fs_sjt_00190.jpg,20260116_fs_sjt_00190.jpg,0,train,C:\Users\CoirRaincoat\PyCharmMiscProject\AIcontest\AI\audit\competition_review\remediation_g1\dataset\train\labels\20260116_fs_sjt_00190.txt
C:\Users\CoirRaincoat\PyCharmMiscProject\AIcontest\AI\audit\competition_review\remediation_g1\dataset\train\images\20260116_fs_sjt_00191.jpg,20260116_fs_sjt_00191.jpg,0,train,C:\Users\CoirRaincoat\PyCharmMiscProject\AIcontest\AI\audit\competition_review\remediation_g1\dataset\train\labels\20260116_fs_sjt_00191.txt
C:\Users\CoirRaincoat\PyCharmMiscProject\AIcontest\AI\audit\competition_review\remediation_g1\dataset\train\images\20260116_fs_sjt_00192.jpg,20260116_fs_sjt_00192.jpg,1,train,C:\Users\CoirRaincoat\PyCharmMiscProject\AIcontest\AI\audit\competition_review\remediation_g1\dataset\train\labels\20260116_fs_sjt_00192.txt
C:\Users\CoirRaincoat\PyCharmMiscProject\AIcontest\AI\audit\competition_review\remediation_g1\dataset\train\images\20260116_fs_sjt_00193.jpg,20260116_fs_sjt_00193.jpg,1,train,C:\Users\CoirRaincoat\PyCharmMiscProject\AIcontest\AI\audit\competition_review\remediation_g1\dataset\train\labels\20260116_fs_sjt_00193.txt
C:\Users\CoirRaincoat\PyCharmMiscProject\AIcontest\AI\audit\competition_review\remediation_g1\dataset\train\images\20260116_fs_sjt_00204.jpg,20260116_fs_sjt_00204.jpg,0,train,C:\Users\CoirRaincoat\PyCharmMiscProject\AIcontest\AI\audit\competition_review\remediation_g1\dataset\train\labels\20260116_fs_sjt_00204.txt
C:\Users\CoirRaincoat\PyCharmMiscProject\AIcontest\AI\audit\competition_review\remediation_g1\dataset\train\images\20260116_fs_sjt_00206.jpg,20260116_fs_sjt_00206.jpg,1,train,C:\Users\CoirRaincoat\PyCharmMiscProject\AIcontest\AI\audit\competition_review\remediation_g1\dataset\train\labels\20260116_fs_sjt_00206.txt
C:\Users\CoirRaincoat\PyCharmMiscProject\AIcontest\AI\audit\competition_review\remediation_g1\dataset\train\images\20260116_fs_sjt_00210.jpg,20260116_fs_sjt_00210.jpg,1,train,C:\Users\CoirRaincoat\PyCharmMiscProject\AIcontest\AI\audit\competition_review\remediation_g1\dataset\train\labels\20260116_fs_sjt_00210.txt
C:\Users\CoirRaincoat\PyCharmMiscProject\AIcontest\AI\audit\competition_review\remediation_g1\dataset\train\images\20260116_fs_sjt_00211.jpg,20260116_fs_sjt_00211.jpg,0,train,C:\Users\CoirRaincoat\PyCharmMiscProject\AIcontest\AI\audit\competition_review\remediation_g1\dataset\train\labels\20260116_fs_sjt_00211.txt
C:\Users\CoirRaincoat\PyCharmMiscProject\AIcontest\AI\audit\competition_review\remediation_g1\dataset\train\images\20260116_fs_sjt_00221.jpg,20260116_fs_sjt_00221.jpg,1,train,C:\Users\CoirRaincoat\PyCharmMiscProject\AIcontest\AI\audit\competition_review\remediation_g1\dataset\train\labels\20260116_fs_sjt_00221.txt
C:\Users\CoirRaincoat\PyCharmMiscProject\AIcontest\AI\audit\competition_review\remediation_g1\dataset\train\images\20260116_fs_sjt_00222.jpg,20260116_fs_sjt_00222.jpg,1,train,C:\Users\CoirRaincoat\PyCharmMiscProject\AIcontest\AI\audit\competition_review\remediation_g1\dataset\train\labels\20260116_fs_sjt_00222.txt
C:\Users\CoirRaincoat\PyCharmMiscProject\AIcontest\AI\audit\competition_review\remediation_g1\dataset\train\images\20260116_fs_sjt_00224.jpg,20260116_fs_sjt_00224.jpg,1,train,C:\Users\CoirRaincoat\PyCharmMiscProject\AIcontest\AI\audit\competition_review\remediation_g1\dataset\train\labels\20260116_fs_sjt_00224.txt
C:\Users\CoirRaincoat\PyCharmMiscProject\AIcontest\AI\audit\competition_review\remediation_g1\dataset\train\images\20260116_fs_sjt_00225.jpg,20260116_fs_sjt_00225.jpg,1,train,C:\Users\CoirRaincoat\PyCharmMiscProject\AIcontest\AI\audit\competition_review\remediation_g1\dataset\train\labels\20260116_fs_sjt_00225.txt
C:\Users\CoirRaincoat\PyCharmMiscProject\AIcontest\AI\audit\competition_review\remediation_g1\dataset\train\images\20260116_fs_sjt_00227.jpg,20260116_fs_sjt_00227.jpg,1,train,C:\Users\CoirRaincoat\PyCharmMiscProject\AIcontest\AI\audit\competition_review\remediation_g1\dataset\train\labels\20260116_fs_sjt_00227.txt
C:\Users\CoirRaincoat\PyCharmMiscProject\AIcontest\AI\audit\competition_review\remediation_g1\dataset\train\images\20260116_fs_sjt_00230.jpg,20260116_fs_sjt_00230.jpg,1,train,C:\Users\CoirRaincoat\PyCharmMiscProject\AIcontest\AI\audit\competition_review\remediation_g1\dataset\train\labels\20260116_fs_sjt_00230.txt
C:\Users\CoirRaincoat\PyCharmMiscProject\AIcontest\AI\audit\competition_review\remediation_g1\dataset\train\images\20260116_fs_sjt_00231.jpg,20260116_fs_sjt_00231.jpg,1,train,C:\Users\CoirRaincoat\PyCharmMiscProject\AIcontest\AI\audit\competition_review\remediation_g1\dataset\train\labels\20260116_fs_sjt_00231.txt
C:\Users\CoirRaincoat\PyCharmMiscProject\AIcontest\AI\audit\competition_review\remediation_g1\dataset\train\images\20260116_fs_sjt_00236.jpg,20260116_fs_sjt_00236.jpg,1,train,C:\Users\CoirRaincoat\PyCharmMiscProject\AIcontest\AI\audit\competition_review\remediation_g1\dataset\train\labels\20260116_fs_sjt_00236.txt
C:\Users\CoirRaincoat\PyCharmMiscProject\AIcontest\AI\audit\competition_review\remediation_g1\dataset\train\images\20260116_fs_sjt_00237.jpg,20260116_fs_sjt_00237.jpg,1,train,C:\Users\CoirRaincoat\PyCharmMiscProject\AIcontest\AI\audit\competition_review\remediation_g1\dataset\train\labels\20260116_fs_sjt_00237.txt
C:\Users\CoirRaincoat\PyCharmMiscProject\AIcontest\AI\audit\competition_review\remediation_g1\dataset\train\images\20260116_fs_sjt_00242.jpg,20260116_fs_sjt_00242.jpg,1,train,C:\Users\CoirRaincoat\PyCharmMiscProject\AIcontest\AI\audit\competition_review\remediation_g1\dataset\train\labels\20260116_fs_sjt_00242.txt
C:\Users\CoirRaincoat\PyCharmMiscProject\AIcontest\AI\audit\competition_review\remediation_g1\dataset\train\images\20260116_fs_sjt_00244.jpg,20260116_fs_sjt_00244.jpg,1,train,C:\Users\CoirRaincoat\PyCharmMiscProject\AIcontest\AI\audit\competition_review\remediation_g1\dataset\train\labels\20260116_fs_sjt_00244.txt
C:\Users\CoirRaincoat\PyCharmMiscProject\AIcontest\AI\audit\competition_review\remediation_g1\dataset\train\images\20260116_fs_sjt_00249.jpg,20260116_fs_sjt_00249.jpg,1,train,C:\Users\CoirRaincoat\PyCharmMiscProject\AIcontest\AI\audit\competition_review\remediation_g1\dataset\train\labels\20260116_fs_sjt_00249.txt
C:\Users\CoirRaincoat\PyCharmMiscProject\AIcontest\AI\audit\competition_review\remediation_g1\dataset\train\images\20260116_fs_sjt_00250.jpg,20260116_fs_sjt_00250.jpg,1,train,C:\Users\CoirRaincoat\PyCharmMiscProject\AIcontest\AI\audit\competition_review\remediation_g1\dataset\train\labels\20260116_fs_sjt_00250.txt
C:\Users\CoirRaincoat\PyCharmMiscProject\AIcontest\AI\audit\competition_review\remediation_g1\dataset\train\images\20260116_fs_sjt_00252.jpg,20260116_fs_sjt_00252.jpg,1,train,C:\Users\CoirRaincoat\PyCharmMiscProject\AIcontest\AI\audit\competition_review\remediation_g1\dataset\train\labels\20260116_fs_sjt_00252.txt
C:\Users\CoirRaincoat\PyCharmMiscProject\AIcontest\AI\audit\competition_review\remediation_g1\dataset\train\images\20260116_fs_sjt_00254.jpg,20260116_fs_sjt_00254.jpg,1,train,C:\Users\CoirRaincoat\PyCharmMiscProject\AIcontest\AI\audit\competition_review\remediation_g1\dataset\train\labels\20260116_fs_sjt_00254.txt
C:\Users\CoirRaincoat\PyCharmMiscProject\AIcontest\AI\audit\competition_review\remediation_g1\dataset\train\images\20260116_fs_sjt_00258.jpg,20260116_fs_sjt_00258.jpg,1,train,C:\Users\CoirRaincoat\PyCharmMiscProject\AIcontest\AI\audit\competition_review\remediation_g1\dataset\train\labels\20260116_fs_sjt_00258.txt
C:\Users\CoirRaincoat\PyCharmMiscProject\AIcontest\AI\audit\competition_review\remediation_g1\dataset\train\images\20260116_fs_sjt_00259.jpg,20260116_fs_sjt_00259.jpg,0,train,C:\Users\CoirRaincoat\PyCharmMiscProject\AIcontest\AI\audit\competition_review\remediation_g1\dataset\train\labels\20260116_fs_sjt_00259.txt
C:\Users\CoirRaincoat\PyCharmMiscProject\AIcontest\AI\audit\competition_review\remediation_g1\dataset\train\images\20260116_fs_sjt_00260.jpg,20260116_fs_sjt_00260.jpg,0,train,C:\Users\CoirRaincoat\PyCharmMiscProject\AIcontest\AI\audit\competition_review\remediation_g1\dataset\train\labels\20260116_fs_sjt_00260.txt
C:\Users\CoirRaincoat\PyCharmMiscProject\AIcontest\AI\audit\competition_review\remediation_g1\dataset\train\images\20260116_fs_sjt_00263.jpg,20260116_fs_sjt_00263.jpg,1,train,C:\Users\CoirRaincoat\PyCharmMiscProject\AIcontest\AI\audit\competition_review\remediation_g1\dataset\train\labels\20260116_fs_sjt_00263.txt
C:\Users\CoirRaincoat\PyCharmMiscProject\AIcontest\AI\audit\competition_review\remediation_g1\dataset\train\images\20260116_fs_sjt_00264.jpg,20260116_fs_sjt_00264.jpg,1,train,C:\Users\CoirRaincoat\PyCharmMiscProject\AIcontest\AI\audit\competition_review\remediation_g1\dataset\train\labels\20260116_fs_sjt_00264.txt
C:\Users\CoirRaincoat\PyCharmMiscProject\AIcontest\AI\audit\competition_review\remediation_g1\dataset\train\images\20260116_fs_sjt_00270.jpg,20260116_fs_sjt_00270.jpg,1,train,C:\Users\CoirRaincoat\PyCharmMiscProject\AIcontest\AI\audit\competition_review\remediation_g1\dataset\train\labels\20260116_fs_sjt_00270.txt
C:\Users\CoirRaincoat\PyCharmMiscProject\AIcontest\AI\audit\competition_review\remediation_g1\dataset\train\images\20260116_fs_sjt_00277.jpg,20260116_fs_sjt_00277.jpg,0,train,C:\Users\CoirRaincoat\PyCharmMiscProject\AIcontest\AI\audit\competition_review\remediation_g1\dataset\train\labels\20260116_fs_sjt_00277.txt
C:\Users\CoirRaincoat\PyCharmMiscProject\AIcontest\AI\audit\competition_review\remediation_g1\dataset\train\images\20260116_fs_sjt_00280.jpg,20260116_fs_sjt_00280.jpg,0,train,C:\Users\CoirRaincoat\PyCharmMiscProject\AIcontest\AI\audit\competition_review\remediation_g1\dataset\train\labels\20260116_fs_sjt_00280.txt
C:\Users\CoirRaincoat\PyCharmMiscProject\AIcontest\AI\audit\competition_review\remediation_g1\dataset\train\images\20260116_fs_sjt_00282.jpg,20260116_fs_sjt_00282.jpg,1,train,C:\Users\CoirRaincoat\PyCharmMiscProject\AIcontest\AI\audit\competition_review\remediation_g1\dataset\train\labels\20260116_fs_sjt_00282.txt
C:\Users\CoirRaincoat\PyCharmMiscProject\AIcontest\AI\audit\competition_review\remediation_g1\dataset\train\images\20260116_fs_sjt_00286.jpg,20260116_fs_sjt_00286.jpg,0,train,C:\Users\CoirRaincoat\PyCharmMiscProject\AIcontest\AI\audit\competition_review\remediation_g1\dataset\train\labels\20260116_fs_sjt_00286.txt
C:\Users\CoirRaincoat\PyCharmMiscProject\AIcontest\AI\audit\competition_review\remediation_g1\dataset\train\images\20260116_fs_sjt_00288.jpg,20260116_fs_sjt_00288.jpg,1,train,C:\Users\CoirRaincoat\PyCharmMiscProject\AIcontest\AI\audit\competition_review\remediation_g1\dataset\train\labels\20260116_fs_sjt_00288.txt
C:\Users\CoirRaincoat\PyCharmMiscProject\AIcontest\AI\audit\competition_review\remediation_g1\dataset\train\images\20260116_fs_sjt_00291.jpg,20260116_fs_sjt_00291.jpg,0,train,C:\Users\CoirRaincoat\PyCharmMiscProject\AIcontest\AI\audit\competition_review\remediation_g1\dataset\train\labels\20260116_fs_sjt_00291.txt
C:\Users\CoirRaincoat\PyCharmMiscProject\AIcontest\AI\audit\competition_review\remediation_g1\dataset\train\images\20260116_fs_sjt_00292.jpg,20260116_fs_sjt_00292.jpg,1,train,C:\Users\CoirRaincoat\PyCharmMiscProject\AIcontest\AI\audit\competition_review\remediation_g1\dataset\train\labels\20260116_fs_sjt_00292.txt
C:\Users\CoirRaincoat\PyCharmMiscProject\AIcontest\AI\audit\competition_review\remediation_g1\dataset\train\images\20260116_fs_sjt_00293.jpg,20260116_fs_sjt_00293.jpg,1,train,C:\Users\CoirRaincoat\PyCharmMiscProject\AIcontest\AI\audit\competition_review\remediation_g1\dataset\train\labels\20260116_fs_sjt_00293.txt
C:\Users\CoirRaincoat\PyCharmMiscProject\AIcontest\AI\audit\competition_review\remediation_g1\dataset\train\images\20260116_fs_sjt_00298.jpg,20260116_fs_sjt_00298.jpg,0,train,C:\Users\CoirRaincoat\PyCharmMiscProject\AIcontest\AI\audit\competition_review\remediation_g1\dataset\train\labels\20260116_fs_sjt_00298.txt
C:\Users\CoirRaincoat\PyCharmMiscProject\AIcontest\AI\audit\competition_review\remediation_g1\dataset\train\images\20260116_fs_sjt_00300.jpg,20260116_fs_sjt_00300.jpg,0,train,C:\Users\CoirRaincoat\PyCharmMiscProject\AIcontest\AI\audit\competition_review\remediation_g1\dataset\train\labels\20260116_fs_sjt_00300.txt
C:\Users\CoirRaincoat\PyCharmMiscProject\AIcontest\AI\audit\competition_review\remediation_g1\dataset\train\images\20260116_fs_sjt_00301.jpg,20260116_fs_sjt_00301.jpg,1,train,C:\Users\CoirRaincoat\PyCharmMiscProject\AIcontest\AI\audit\competition_review\remediation_g1\dataset\train\labels\20260116_fs_sjt_00301.txt
C:\Users\CoirRaincoat\PyCharmMiscProject\AIcontest\AI\audit\competition_review\remediation_g1\dataset\train\images\20260116_fs_sjt_00302.jpg,20260116_fs_sjt_00302.jpg,1,train,C:\Users\CoirRaincoat\PyCharmMiscProject\AIcontest\AI\audit\competition_review\remediation_g1\dataset\train\labels\20260116_fs_sjt_00302.txt
C:\Users\CoirRaincoat\PyCharmMiscProject\AIcontest\AI\audit\competition_review\remediation_g1\dataset\train\images\20260116_fs_sjt_00310.jpg,20260116_fs_sjt_00310.jpg,1,train,C:\Users\CoirRaincoat\PyCharmMiscProject\AIcontest\AI\audit\competition_review\remediation_g1\dataset\train\labels\20260116_fs_sjt_00310.txt
C:\Users\CoirRaincoat\PyCharmMiscProject\AIcontest\AI\audit\competition_review\remediation_g1\dataset\train\images\20260116_fs_sjt_00312.jpg,20260116_fs_sjt_00312.jpg,0,train,C:\Users\CoirRaincoat\PyCharmMiscProject\AIcontest\AI\audit\competition_review\remediation_g1\dataset\train\labels\20260116_fs_sjt_00312.txt
C:\Users\CoirRaincoat\PyCharmMiscProject\AIcontest\AI\audit\competition_review\remediation_g1\dataset\train\images\20260116_fs_sjt_00313.jpg,20260116_fs_sjt_00313.jpg,0,train,C:\Users\CoirRaincoat\PyCharmMiscProject\AIcontest\AI\audit\competition_review\remediation_g1\dataset\train\labels\20260116_fs_sjt_00313.txt
C:\Users\CoirRaincoat\PyCharmMiscProject\AIcontest\AI\audit\competition_review\remediation_g1\dataset\train\images\20260116_fs_sjt_00314.jpg,20260116_fs_sjt_00314.jpg,1,train,C:\Users\CoirRaincoat\PyCharmMiscProject\AIcontest\AI\audit\competition_review\remediation_g1\dataset\train\labels\20260116_fs_sjt_00314.txt
C:\Users\CoirRaincoat\PyCharmMiscProject\AIcontest\AI\audit\competition_review\remediation_g1\dataset\train\images\20260116_fs_sjt_00318.jpg,20260116_fs_sjt_00318.jpg,1,train,C:\Users\CoirRaincoat\PyCharmMiscProject\AIcontest\AI\audit\competition_review\remediation_g1\dataset\train\labels\20260116_fs_sjt_00318.txt
C:\Users\CoirRaincoat\PyCharmMiscProject\AIcontest\AI\audit\competition_review\remediation_g1\dataset\train\images\20260116_fs_sjt_00320.jpg,20260116_fs_sjt_00320.jpg,1,train,C:\Users\CoirRaincoat\PyCharmMiscProject\AIcontest\AI\audit\competition_review\remediation_g1\dataset\train\labels\20260116_fs_sjt_00320.txt
C:\Users\CoirRaincoat\PyCharmMiscProject\AIcontest\AI\audit\competition_review\remediation_g1\dataset\train\images\20260116_fs_sjt_00323.jpg,20260116_fs_sjt_00323.jpg,1,train,C:\Users\CoirRaincoat\PyCharmMiscProject\AIcontest\AI\audit\competition_review\remediation_g1\dataset\train\labels\20260116_fs_sjt_00323.txt
C:\Users\CoirRaincoat\PyCharmMiscProject\AIcontest\AI\audit\competition_review\remediation_g1\dataset\train\images\20260116_fs_sjt_00332.jpg,20260116_fs_sjt_00332.jpg,1,train,C:\Users\CoirRaincoat\PyCharmMiscProject\AIcontest\AI\audit\competition_review\remediation_g1\dataset\train\labels\20260116_fs_sjt_00332.txt
C:\Users\CoirRaincoat\PyCharmMiscProject\AIcontest\AI\audit\competition_review\remediation_g1\dataset\train\images\20260116_fs_sjt_00343.jpg,20260116_fs_sjt_00343.jpg,0,train,C:\Users\CoirRaincoat\PyCharmMiscProject\AIcontest\AI\audit\competition_review\remediation_g1\dataset\train\labels\20260116_fs_sjt_00343.txt
C:\Users\CoirRaincoat\PyCharmMiscProject\AIcontest\AI\audit\competition_review\remediation_g1\dataset\train\images\20260116_fs_sjt_00344.jpg,20260116_fs_sjt_00344.jpg,0,train,C:\Users\CoirRaincoat\PyCharmMiscProject\AIcontest\AI\audit\competition_review\remediation_g1\dataset\train\labels\20260116_fs_sjt_00344.txt
C:\Users\CoirRaincoat\PyCharmMiscProject\AIcontest\AI\audit\competition_review\remediation_g1\dataset\train\images\20260116_fs_sjt_00346.jpg,20260116_fs_sjt_00346.jpg,1,train,C:\Users\CoirRaincoat\PyCharmMiscProject\AIcontest\AI\audit\competition_review\remediation_g1\dataset\train\labels\20260116_fs_sjt_00346.txt
C:\Users\CoirRaincoat\PyCharmMiscProject\AIcontest\AI\audit\competition_review\remediation_g1\dataset\train\images\20260116_fs_sjt_00354.jpg,20260116_fs_sjt_00354.jpg,0,train,C:\Users\CoirRaincoat\PyCharmMiscProject\AIcontest\AI\audit\competition_review\remediation_g1\dataset\train\labels\20260116_fs_sjt_00354.txt
C:\Users\CoirRaincoat\PyCharmMiscProject\AIcontest\AI\audit\competition_review\remediation_g1\dataset\train\images\20260116_fs_sjt_00355.jpg,20260116_fs_sjt_00355.jpg,1,train,C:\Users\CoirRaincoat\PyCharmMiscProject\AIcontest\AI\audit\competition_review\remediation_g1\dataset\train\labels\20260116_fs_sjt_00355.txt
C:\Users\CoirRaincoat\PyCharmMiscProject\AIcontest\AI\audit\competition_review\remediation_g1\dataset\train\images\20260116_fs_sjt_00358.jpg,20260116_fs_sjt_00358.jpg,1,train,C:\Users\CoirRaincoat\PyCharmMiscProject\AIcontest\AI\audit\competition_review\remediation_g1\dataset\train\labels\20260116_fs_sjt_00358.txt
C:\Users\CoirRaincoat\PyCharmMiscProject\AIcontest\AI\audit\competition_review\remediation_g1\dataset\train\images\20260116_fs_sjt_00362.jpg,20260116_fs_sjt_00362.jpg,0,train,C:\Users\CoirRaincoat\PyCharmMiscProject\AIcontest\AI\audit\competition_review\remediation_g1\dataset\train\labels\20260116_fs_sjt_00362.txt
C:\Users\CoirRaincoat\PyCharmMiscProject\AIcontest\AI\audit\competition_review\remediation_g1\dataset\train\images\20260116_fs_sjt_00363.jpg,20260116_fs_sjt_00363.jpg,1,train,C:\Users\CoirRaincoat\PyCharmMiscProject\AIcontest\AI\audit\competition_review\remediation_g1\dataset\train\labels\20260116_fs_sjt_00363.txt
C:\Users\CoirRaincoat\PyCharmMiscProject\AIcontest\AI\audit\competition_review\remediation_g1\dataset\train\images\20260116_fs_sjt_00368.jpg,20260116_fs_sjt_00368.jpg,1,train,C:\Users\CoirRaincoat\PyCharmMiscProject\AIcontest\AI\audit\competition_review\remediation_g1\dataset\train\labels\20260116_fs_sjt_00368.txt
C:\Users\CoirRaincoat\PyCharmMiscProject\AIcontest\AI\audit\competition_review\remediation_g1\dataset\train\images\20260116_fs_sjt_00373.jpg,20260116_fs_sjt_00373.jpg,0,train,C:\Users\CoirRaincoat\PyCharmMiscProject\AIcontest\AI\audit\competition_review\remediation_g1\dataset\train\labels\20260116_fs_sjt_00373.txt
C:\Users\CoirRaincoat\PyCharmMiscProject\AIcontest\AI\audit\competition_review\remediation_g1\dataset\train\images\20260116_fs_sjt_00375.jpg,20260116_fs_sjt_00375.jpg,1,train,C:\Users\CoirRaincoat\PyCharmMiscProject\AIcontest\AI\audit\competition_review\remediation_g1\dataset\train\labels\20260116_fs_sjt_00375.txt
C:\Users\CoirRaincoat\PyCharmMiscProject\AIcontest\AI\audit\competition_review\remediation_g1\dataset\train\images\20260116_fs_sjt_00376.jpg,20260116_fs_sjt_00376.jpg,1,train,C:\Users\CoirRaincoat\PyCharmMiscProject\AIcontest\AI\audit\competition_review\remediation_g1\dataset\train\labels\20260116_fs_sjt_00376.txt
C:\Users\CoirRaincoat\PyCharmMiscProject\AIcontest\AI\audit\competition_review\remediation_g1\dataset\train\images\20260116_fs_sjt_00381.jpg,20260116_fs_sjt_00381.jpg,0,train,C:\Users\CoirRaincoat\PyCharmMiscProject\AIcontest\AI\audit\competition_review\remediation_g1\dataset\train\labels\20260116_fs_sjt_00381.txt
C:\Users\CoirRaincoat\PyCharmMiscProject\AIcontest\AI\audit\competition_review\remediation_g1\dataset\train\images\20260116_fs_sjt_00383.jpg,20260116_fs_sjt_00383.jpg,0,train,C:\Users\CoirRaincoat\PyCharmMiscProject\AIcontest\AI\audit\competition_review\remediation_g1\dataset\train\labels\20260116_fs_sjt_00383.txt
C:\Users\CoirRaincoat\PyCharmMiscProject\AIcontest\AI\audit\competition_review\remediation_g1\dataset\train\images\20260116_fs_sjt_00384.jpg,20260116_fs_sjt_00384.jpg,1,train,C:\Users\CoirRaincoat\PyCharmMiscProject\AIcontest\AI\audit\competition_review\remediation_g1\dataset\train\labels\20260116_fs_sjt_00384.txt
C:\Users\CoirRaincoat\PyCharmMiscProject\AIcontest\AI\audit\competition_review\remediation_g1\dataset\train\images\20260116_fs_sjt_00385.jpg,20260116_fs_sjt_00385.jpg,0,train,C:\Users\CoirRaincoat\PyCharmMiscProject\AIcontest\AI\audit\competition_review\remediation_g1\dataset\train\labels\20260116_fs_sjt_00385.txt
C:\Users\CoirRaincoat\PyCharmMiscProject\AIcontest\AI\audit\competition_review\remediation_g1\dataset\train\images\20260116_fs_sjt_00388.jpg,20260116_fs_sjt_00388.jpg,1,train,C:\Users\CoirRaincoat\PyCharmMiscProject\AIcontest\AI\audit\competition_review\remediation_g1\dataset\train\labels\20260116_fs_sjt_00388.txt
C:\Users\CoirRaincoat\PyCharmMiscProject\AIcontest\AI\audit\competition_review\remediation_g1\dataset\train\images\20260116_fs_sjt_00389.jpg,20260116_fs_sjt_00389.jpg,0,train,C:\Users\CoirRaincoat\PyCharmMiscProject\AIcontest\AI\audit\competition_review\remediation_g1\dataset\train\labels\20260116_fs_sjt_00389.txt
C:\Users\CoirRaincoat\PyCharmMiscProject\AIcontest\AI\audit\competition_review\remediation_g1\dataset\train\images\20260116_fs_sjt_00401.jpg,20260116_fs_sjt_00401.jpg,1,train,C:\Users\CoirRaincoat\PyCharmMiscProject\AIcontest\AI\audit\competition_review\remediation_g1\dataset\train\labels\20260116_fs_sjt_00401.txt
C:\Users\CoirRaincoat\PyCharmMiscProject\AIcontest\AI\audit\competition_review\remediation_g1\dataset\train\images\20260116_fs_sjt_00412.jpg,20260116_fs_sjt_00412.jpg,0,train,C:\Users\CoirRaincoat\PyCharmMiscProject\AIcontest\AI\audit\competition_review\remediation_g1\dataset\train\labels\20260116_fs_sjt_00412.txt
C:\Users\CoirRaincoat\PyCharmMiscProject\AIcontest\AI\audit\competition_review\remediation_g1\dataset\train\images\20260116_fs_sjt_00414.jpg,20260116_fs_sjt_00414.jpg,1,train,C:\Users\CoirRaincoat\PyCharmMiscProject\AIcontest\AI\audit\competition_review\remediation_g1\dataset\train\labels\20260116_fs_sjt_00414.txt
C:\Users\CoirRaincoat\PyCharmMiscProject\AIcontest\AI\audit\competition_review\remediation_g1\dataset\train\images\20260116_fs_sjt_00416.jpg,20260116_fs_sjt_00416.jpg,1,train,C:\Users\CoirRaincoat\PyCharmMiscProject\AIcontest\AI\audit\competition_review\remediation_g1\dataset\train\labels\20260116_fs_sjt_00416.txt
C:\Users\CoirRaincoat\PyCharmMiscProject\AIcontest\AI\audit\competition_review\remediation_g1\dataset\train\images\20260116_fs_sjt_00421.jpg,20260116_fs_sjt_00421.jpg,1,train,C:\Users\CoirRaincoat\PyCharmMiscProject\AIcontest\AI\audit\competition_review\remediation_g1\dataset\train\labels\20260116_fs_sjt_00421.txt
C:\Users\CoirRaincoat\PyCharmMiscProject\AIcontest\AI\audit\competition_review\remediation_g1\dataset\train\images\20260116_fs_sjt_00424.jpg,20260116_fs_sjt_00424.jpg,1,train,C:\Users\CoirRaincoat\PyCharmMiscProject\AIcontest\AI\audit\competition_review\remediation_g1\dataset\train\labels\20260116_fs_sjt_00424.txt
C:\Users\CoirRaincoat\PyCharmMiscProject\AIcontest\AI\audit\competition_review\remediation_g1\dataset\train\images\20260116_fs_sjt_00425.jpg,20260116_fs_sjt_00425.jpg,0,train,C:\Users\CoirRaincoat\PyCharmMiscProject\AIcontest\AI\audit\competition_review\remediation_g1\dataset\train\labels\20260116_fs_sjt_00425.txt
C:\Users\CoirRaincoat\PyCharmMiscProject\AIcontest\AI\audit\competition_review\remediation_g1\dataset\train\images\20260116_fs_sjt_00430.jpg,20260116_fs_sjt_00430.jpg,0,train,C:\Users\CoirRaincoat\PyCharmMiscProject\AIcontest\AI\audit\competition_review\remediation_g1\dataset\train\labels\20260116_fs_sjt_00430.txt
C:\Users\CoirRaincoat\PyCharmMiscProject\AIcontest\AI\audit\competition_review\remediation_g1\dataset\train\images\20260116_fs_sjt_00431.jpg,20260116_fs_sjt_00431.jpg,0,train,C:\Users\CoirRaincoat\PyCharmMiscProject\AIcontest\AI\audit\competition_review\remediation_g1\dataset\train\labels\20260116_fs_sjt_00431.txt
C:\Users\CoirRaincoat\PyCharmMiscProject\AIcontest\AI\audit\competition_review\remediation_g1\dataset\train\images\20260116_fs_sjt_00432.jpg,20260116_fs_sjt_00432.jpg,1,train,C:\Users\CoirRaincoat\PyCharmMiscProject\AIcontest\AI\audit\competition_review\remediation_g1\dataset\train\labels\20260116_fs_sjt_00432.txt
C:\Users\CoirRaincoat\PyCharmMiscProject\AIcontest\AI\audit\competition_review\remediation_g1\dataset\train\images\20260116_fs_sjt_00441.jpg,20260116_fs_sjt_00441.jpg,1,train,C:\Users\CoirRaincoat\PyCharmMiscProject\AIcontest\AI\audit\competition_review\remediation_g1\dataset\train\labels\20260116_fs_sjt_00441.txt
C:\Users\CoirRaincoat\PyCharmMiscProject\AIcontest\AI\audit\competition_review\remediation_g1\dataset\train\images\20260116_fs_sjt_00442.jpg,20260116_fs_sjt_00442.jpg,1,train,C:\Users\CoirRaincoat\PyCharmMiscProject\AIcontest\AI\audit\competition_review\remediation_g1\dataset\train\labels\20260116_fs_sjt_00442.txt
C:\Users\CoirRaincoat\PyCharmMiscProject\AIcontest\AI\audit\competition_review\remediation_g1\dataset\train\images\20260116_fs_sjt_00445.jpg,20260116_fs_sjt_00445.jpg,1,train,C:\Users\CoirRaincoat\PyCharmMiscProject\AIcontest\AI\audit\competition_review\remediation_g1\dataset\train\labels\20260116_fs_sjt_00445.txt
C:\Users\CoirRaincoat\PyCharmMiscProject\AIcontest\AI\audit\competition_review\remediation_g1\dataset\train\images\20260116_fs_sjt_00446.jpg,20260116_fs_sjt_00446.jpg,1,train,C:\Users\CoirRaincoat\PyCharmMiscProject\AIcontest\AI\audit\competition_review\remediation_g1\dataset\train\labels\20260116_fs_sjt_00446.txt
C:\Users\CoirRaincoat\PyCharmMiscProject\AIcontest\AI\audit\competition_review\remediation_g1\dataset\train\images\20260116_fs_sjt_00449.jpg,20260116_fs_sjt_00449.jpg,0,train,C:\Users\CoirRaincoat\PyCharmMiscProject\AIcontest\AI\audit\competition_review\remediation_g1\dataset\train\labels\20260116_fs_sjt_00449.txt
C:\Users\CoirRaincoat\PyCharmMiscProject\AIcontest\AI\audit\competition_review\remediation_g1\dataset\train\images\20260116_fs_sjt_00460.jpg,20260116_fs_sjt_00460.jpg,0,train,C:\Users\CoirRaincoat\PyCharmMiscProject\AIcontest\AI\audit\competition_review\remediation_g1\dataset\train\labels\20260116_fs_sjt_00460.txt
C:\Users\CoirRaincoat\PyCharmMiscProject\AIcontest\AI\audit\competition_review\remediation_g1\dataset\train\images\20260116_fs_sjt_00461.jpg,20260116_fs_sjt_00461.jpg,1,train,C:\Users\CoirRaincoat\PyCharmMiscProject\AIcontest\AI\audit\competition_review\remediation_g1\dataset\train\labels\20260116_fs_sjt_00461.txt
C:\Users\CoirRaincoat\PyCharmMiscProject\AIcontest\AI\audit\competition_review\remediation_g1\dataset\train\images\20260116_fs_sjt_00463.jpg,20260116_fs_sjt_00463.jpg,1,train,C:\Users\CoirRaincoat\PyCharmMiscProject\AIcontest\AI\audit\competition_review\remediation_g1\dataset\train\labels\20260116_fs_sjt_00463.txt
C:\Users\CoirRaincoat\PyCharmMiscProject\AIcontest\AI\audit\competition_review\remediation_g1\dataset\train\images\20260116_fs_sjt_00469.jpg,20260116_fs_sjt_00469.jpg,1,train,C:\Users\CoirRaincoat\PyCharmMiscProject\AIcontest\AI\audit\competition_review\remediation_g1\dataset\train\labels\20260116_fs_sjt_00469.txt
C:\Users\CoirRaincoat\PyCharmMiscProject\AIcontest\AI\audit\competition_review\remediation_g1\dataset\train\images\20260116_fs_sjt_00473.jpg,20260116_fs_sjt_00473.jpg,1,train,C:\Users\CoirRaincoat\PyCharmMiscProject\AIcontest\AI\audit\competition_review\remediation_g1\dataset\train\labels\20260116_fs_sjt_00473.txt
C:\Users\CoirRaincoat\PyCharmMiscProject\AIcontest\AI\audit\competition_review\remediation_g1\dataset\train\images\20260116_fs_sjt_00474.jpg,20260116_fs_sjt_00474.jpg,0,train,C:\Users\CoirRaincoat\PyCharmMiscProject\AIcontest\AI\audit\competition_review\remediation_g1\dataset\train\labels\20260116_fs_sjt_00474.txt
C:\Users\CoirRaincoat\PyCharmMiscProject\AIcontest\AI\audit\competition_review\remediation_g1\dataset\train\images\20260116_fs_sjt_00477.jpg,20260116_fs_sjt_00477.jpg,0,train,C:\Users\CoirRaincoat\PyCharmMiscProject\AIcontest\AI\audit\competition_review\remediation_g1\dataset\train\labels\20260116_fs_sjt_00477.txt
C:\Users\CoirRaincoat\PyCharmMiscProject\AIcontest\AI\audit\competition_review\remediation_g1\dataset\train\images\20260116_fs_sjt_00479.jpg,20260116_fs_sjt_00479.jpg,1,train,C:\Users\CoirRaincoat\PyCharmMiscProject\AIcontest\AI\audit\competition_review\remediation_g1\dataset\train\labels\20260116_fs_sjt_00479.txt
C:\Users\CoirRaincoat\PyCharmMiscProject\AIcontest\AI\audit\competition_review\remediation_g1\dataset\train\images\20260116_fs_sjt_00485.jpg,20260116_fs_sjt_00485.jpg,1,train,C:\Users\CoirRaincoat\PyCharmMiscProject\AIcontest\AI\audit\competition_review\remediation_g1\dataset\train\labels\20260116_fs_sjt_00485.txt
C:\Users\CoirRaincoat\PyCharmMiscProject\AIcontest\AI\audit\competition_review\remediation_g1\dataset\train\images\20260116_fs_sjt_00487.jpg,20260116_fs_sjt_00487.jpg,1,train,C:\Users\CoirRaincoat\PyCharmMiscProject\AIcontest\AI\audit\competition_review\remediation_g1\dataset\train\labels\20260116_fs_sjt_00487.txt
C:\Users\CoirRaincoat\PyCharmMiscProject\AIcontest\AI\audit\competition_review\remediation_g1\dataset\train\images\20260116_fs_sjt_00490.jpg,20260116_fs_sjt_00490.jpg,1,train,C:\Users\CoirRaincoat\PyCharmMiscProject\AIcontest\AI\audit\competition_review\remediation_g1\dataset\train\labels\20260116_fs_sjt_00490.txt
C:\Users\CoirRaincoat\PyCharmMiscProject\AIcontest\AI\audit\competition_review\remediation_g1\dataset\train\images\20260116_fs_sjt_00491.jpg,20260116_fs_sjt_00491.jpg,1,train,C:\Users\CoirRaincoat\PyCharmMiscProject\AIcontest\AI\audit\competition_review\remediation_g1\dataset\train\labels\20260116_fs_sjt_00491.txt
C:\Users\CoirRaincoat\PyCharmMiscProject\AIcontest\AI\audit\competition_review\remediation_g1\dataset\train\images\20260116_fs_sjt_00499.jpg,20260116_fs_sjt_00499.jpg,1,train,C:\Users\CoirRaincoat\PyCharmMiscProject\AIcontest\AI\audit\competition_review\remediation_g1\dataset\train\labels\20260116_fs_sjt_00499.txt
C:\Users\CoirRaincoat\PyCharmMiscProject\AIcontest\AI\audit\competition_review\remediation_g1\dataset\train\images\20260116_fs_sjt_00500.jpg,20260116_fs_sjt_00500.jpg,0,train,C:\Users\CoirRaincoat\PyCharmMiscProject\AIcontest\AI\audit\competition_review\remediation_g1\dataset\train\labels\20260116_fs_sjt_00500.txt
C:\Users\CoirRaincoat\PyCharmMiscProject\AIcontest\AI\audit\competition_review\remediation_g1\dataset\train\images\20260116_fs_sjt_00503.jpg,20260116_fs_sjt_00503.jpg,0,train,C:\Users\CoirRaincoat\PyCharmMiscProject\AIcontest\AI\audit\competition_review\remediation_g1\dataset\train\labels\20260116_fs_sjt_00503.txt
C:\Users\CoirRaincoat\PyCharmMiscProject\AIcontest\AI\audit\competition_review\remediation_g1\dataset\train\images\20260116_fs_sjt_00504.jpg,20260116_fs_sjt_00504.jpg,0,train,C:\Users\CoirRaincoat\PyCharmMiscProject\AIcontest\AI\audit\competition_review\remediation_g1\dataset\train\labels\20260116_fs_sjt_00504.txt
C:\Users\CoirRaincoat\PyCharmMiscProject\AIcontest\AI\audit\competition_review\remediation_g1\dataset\train\images\20260116_fs_sjt_00505.jpg,20260116_fs_sjt_00505.jpg,0,train,C:\Users\CoirRaincoat\PyCharmMiscProject\AIcontest\AI\audit\competition_review\remediation_g1\dataset\train\labels\20260116_fs_sjt_00505.txt
C:\Users\CoirRaincoat\PyCharmMiscProject\AIcontest\AI\audit\competition_review\remediation_g1\dataset\train\images\20260116_fs_sjt_00515.jpg,20260116_fs_sjt_00515.jpg,0,train,C:\Users\CoirRaincoat\PyCharmMiscProject\AIcontest\AI\audit\competition_review\remediation_g1\dataset\train\labels\20260116_fs_sjt_00515.txt
C:\Users\CoirRaincoat\PyCharmMiscProject\AIcontest\AI\audit\competition_review\remediation_g1\dataset\train\images\20260116_fs_sjt_00516.jpg,20260116_fs_sjt_00516.jpg,1,train,C:\Users\CoirRaincoat\PyCharmMiscProject\AIcontest\AI\audit\competition_review\remediation_g1\dataset\train\labels\20260116_fs_sjt_00516.txt
C:\Users\CoirRaincoat\PyCharmMiscProject\AIcontest\AI\audit\competition_review\remediation_g1\dataset\train\images\20260116_fs_sjt_00524.jpg,20260116_fs_sjt_00524.jpg,1,train,C:\Users\CoirRaincoat\PyCharmMiscProject\AIcontest\AI\audit\competition_review\remediation_g1\dataset\train\labels\20260116_fs_sjt_00524.txt
C:\Users\CoirRaincoat\PyCharmMiscProject\AIcontest\AI\audit\competition_review\remediation_g1\dataset\train\images\20260116_fs_sjt_00531.jpg,20260116_fs_sjt_00531.jpg,1,train,C:\Users\CoirRaincoat\PyCharmMiscProject\AIcontest\AI\audit\competition_review\remediation_g1\dataset\train\labels\20260116_fs_sjt_00531.txt
C:\Users\CoirRaincoat\PyCharmMiscProject\AIcontest\AI\audit\competition_review\remediation_g1\dataset\train\images\20260116_fs_sjt_00533.jpg,20260116_fs_sjt_00533.jpg,1,train,C:\Users\CoirRaincoat\PyCharmMiscProject\AIcontest\AI\audit\competition_review\remediation_g1\dataset\train\labels\20260116_fs_sjt_00533.txt
C:\Users\CoirRaincoat\PyCharmMiscProject\AIcontest\AI\audit\competition_review\remediation_g1\dataset\train\images\20260116_fs_sjt_00534.jpg,20260116_fs_sjt_00534.jpg,0,train,C:\Users\CoirRaincoat\PyCharmMiscProject\AIcontest\AI\audit\competition_review\remediation_g1\dataset\train\labels\20260116_fs_sjt_00534.txt
C:\Users\CoirRaincoat\PyCharmMiscProject\AIcontest\AI\audit\competition_review\remediation_g1\dataset\train\images\20260116_fs_sjt_00542.jpg,20260116_fs_sjt_00542.jpg,1,train,C:\Users\CoirRaincoat\PyCharmMiscProject\AIcontest\AI\audit\competition_review\remediation_g1\dataset\train\labels\20260116_fs_sjt_00542.txt
C:\Users\CoirRaincoat\PyCharmMiscProject\AIcontest\AI\audit\competition_review\remediation_g1\dataset\train\images\20260116_fs_sjt_00543.jpg,20260116_fs_sjt_00543.jpg,1,train,C:\Users\CoirRaincoat\PyCharmMiscProject\AIcontest\AI\audit\competition_review\remediation_g1\dataset\train\labels\20260116_fs_sjt_00543.txt
C:\Users\CoirRaincoat\PyCharmMiscProject\AIcontest\AI\audit\competition_review\remediation_g1\dataset\train\images\20260116_fs_sjt_00549.jpg,20260116_fs_sjt_00549.jpg,0,train,C:\Users\CoirRaincoat\PyCharmMiscProject\AIcontest\AI\audit\competition_review\remediation_g1\dataset\train\labels\20260116_fs_sjt_00549.txt
C:\Users\CoirRaincoat\PyCharmMiscProject\AIcontest\AI\audit\competition_review\remediation_g1\dataset\train\images\20260116_fs_sjt_00552.jpg,20260116_fs_sjt_00552.jpg,1,train,C:\Users\CoirRaincoat\PyCharmMiscProject\AIcontest\AI\audit\competition_review\remediation_g1\dataset\train\labels\20260116_fs_sjt_00552.txt
C:\Users\CoirRaincoat\PyCharmMiscProject\AIcontest\AI\audit\competition_review\remediation_g1\dataset\train\images\20260116_fs_sjt_00558.jpg,20260116_fs_sjt_00558.jpg,0,train,C:\Users\CoirRaincoat\PyCharmMiscProject\AIcontest\AI\audit\competition_review\remediation_g1\dataset\train\labels\20260116_fs_sjt_00558.txt
C:\Users\CoirRaincoat\PyCharmMiscProject\AIcontest\AI\audit\competition_review\remediation_g1\dataset\train\images\20260116_fs_sjt_00559.jpg,20260116_fs_sjt_00559.jpg,1,train,C:\Users\CoirRaincoat\PyCharmMiscProject\AIcontest\AI\audit\competition_review\remediation_g1\dataset\train\labels\20260116_fs_sjt_00559.txt
C:\Users\CoirRaincoat\PyCharmMiscProject\AIcontest\AI\audit\competition_review\remediation_g1\dataset\train\images\20260116_fs_sjt_00560.jpg,20260116_fs_sjt_00560.jpg,0,train,C:\Users\CoirRaincoat\PyCharmMiscProject\AIcontest\AI\audit\competition_review\remediation_g1\dataset\train\labels\20260116_fs_sjt_00560.txt
C:\Users\CoirRaincoat\PyCharmMiscProject\AIcontest\AI\audit\competition_review\remediation_g1\dataset\train\images\20260116_fs_sjt_00567.jpg,20260116_fs_sjt_00567.jpg,0,train,C:\Users\CoirRaincoat\PyCharmMiscProject\AIcontest\AI\audit\competition_review\remediation_g1\dataset\train\labels\20260116_fs_sjt_00567.txt
C:\Users\CoirRaincoat\PyCharmMiscProject\AIcontest\AI\audit\competition_review\remediation_g1\dataset\train\images\20260116_fs_sjt_00568.jpg,20260116_fs_sjt_00568.jpg,1,train,C:\Users\CoirRaincoat\PyCharmMiscProject\AIcontest\AI\audit\competition_review\remediation_g1\dataset\train\labels\20260116_fs_sjt_00568.txt
C:\Users\CoirRaincoat\PyCharmMiscProject\AIcontest\AI\audit\competition_review\remediation_g1\dataset\train\images\20260116_fs_sjt_00570.jpg,20260116_fs_sjt_00570.jpg,1,train,C:\Users\CoirRaincoat\PyCharmMiscProject\AIcontest\AI\audit\competition_review\remediation_g1\dataset\train\labels\20260116_fs_sjt_00570.txt
C:\Users\CoirRaincoat\PyCharmMiscProject\AIcontest\AI\audit\competition_review\remediation_g1\dataset\train\images\20260116_fs_sjt_00576.jpg,20260116_fs_sjt_00576.jpg,0,train,C:\Users\CoirRaincoat\PyCharmMiscProject\AIcontest\AI\audit\competition_review\remediation_g1\dataset\train\labels\20260116_fs_sjt_00576.txt
C:\Users\CoirRaincoat\PyCharmMiscProject\AIcontest\AI\audit\competition_review\remediation_g1\dataset\train\images\20260116_fs_sjt_00578.jpg,20260116_fs_sjt_00578.jpg,1,train,C:\Users\CoirRaincoat\PyCharmMiscProject\AIcontest\AI\audit\competition_review\remediation_g1\dataset\train\labels\20260116_fs_sjt_00578.txt
C:\Users\CoirRaincoat\PyCharmMiscProject\AIcontest\AI\audit\competition_review\remediation_g1\dataset\train\images\20260116_fs_sjt_00579.jpg,20260116_fs_sjt_00579.jpg,1,train,C:\Users\CoirRaincoat\PyCharmMiscProject\AIcontest\AI\audit\competition_review\remediation_g1\dataset\train\labels\20260116_fs_sjt_00579.txt
C:\Users\CoirRaincoat\PyCharmMiscProject\AIcontest\AI\audit\competition_review\remediation_g1\dataset\train\images\20260116_fs_sjt_00585.jpg,20260116_fs_sjt_00585.jpg,0,train,C:\Users\CoirRaincoat\PyCharmMiscProject\AIcontest\AI\audit\competition_review\remediation_g1\dataset\train\labels\20260116_fs_sjt_00585.txt
C:\Users\CoirRaincoat\PyCharmMiscProject\AIcontest\AI\audit\competition_review\remediation_g1\dataset\train\images\20260116_fs_sjt_00586.jpg,20260116_fs_sjt_00586.jpg,1,train,C:\Users\CoirRaincoat\PyCharmMiscProject\AIcontest\AI\audit\competition_review\remediation_g1\dataset\train\labels\20260116_fs_sjt_00586.txt
C:\Users\CoirRaincoat\PyCharmMiscProject\AIcontest\AI\audit\competition_review\remediation_g1\dataset\train\images\20260116_fs_sjt_00594.jpg,20260116_fs_sjt_00594.jpg,1,train,C:\Users\CoirRaincoat\PyCharmMiscProject\AIcontest\AI\audit\competition_review\remediation_g1\dataset\train\labels\20260116_fs_sjt_00594.txt
C:\Users\CoirRaincoat\PyCharmMiscProject\AIcontest\AI\audit\competition_review\remediation_g1\dataset\train\images\20260116_fs_sjt_00596.jpg,20260116_fs_sjt_00596.jpg,1,train,C:\Users\CoirRaincoat\PyCharmMiscProject\AIcontest\AI\audit\competition_review\remediation_g1\dataset\train\labels\20260116_fs_sjt_00596.txt
C:\Users\CoirRaincoat\PyCharmMiscProject\AIcontest\AI\audit\competition_review\remediation_g1\dataset\train\images\20260116_fs_sjt_00597.jpg,20260116_fs_sjt_00597.jpg,1,train,C:\Users\CoirRaincoat\PyCharmMiscProject\AIcontest\AI\audit\competition_review\remediation_g1\dataset\train\labels\20260116_fs_sjt_00597.txt
C:\Users\CoirRaincoat\PyCharmMiscProject\AIcontest\AI\audit\competition_review\remediation_g1\dataset\train\images\20260116_fs_sjt_00603.jpg,20260116_fs_sjt_00603.jpg,0,train,C:\Users\CoirRaincoat\PyCharmMiscProject\AIcontest\AI\audit\competition_review\remediation_g1\dataset\train\labels\20260116_fs_sjt_00603.txt
C:\Users\CoirRaincoat\PyCharmMiscProject\AIcontest\AI\audit\competition_review\remediation_g1\dataset\train\images\20260116_fs_sjt_00605.jpg,20260116_fs_sjt_00605.jpg,0,train,C:\Users\CoirRaincoat\PyCharmMiscProject\AIcontest\AI\audit\competition_review\remediation_g1\dataset\train\labels\20260116_fs_sjt_00605.txt
C:\Users\CoirRaincoat\PyCharmMiscProject\AIcontest\AI\audit\competition_review\remediation_g1\dataset\train\images\20260116_fs_sjt_00606.jpg,20260116_fs_sjt_00606.jpg,1,train,C:\Users\CoirRaincoat\PyCharmMiscProject\AIcontest\AI\audit\competition_review\remediation_g1\dataset\train\labels\20260116_fs_sjt_00606.txt
C:\Users\CoirRaincoat\PyCharmMiscProject\AIcontest\AI\audit\competition_review\remediation_g1\dataset\train\images\20260116_fs_sjt_00612.jpg,20260116_fs_sjt_00612.jpg,1,train,C:\Users\CoirRaincoat\PyCharmMiscProject\AIcontest\AI\audit\competition_review\remediation_g1\dataset\train\labels\20260116_fs_sjt_00612.txt
C:\Users\CoirRaincoat\PyCharmMiscProject\AIcontest\AI\audit\competition_review\remediation_g1\dataset\train\images\20260116_fs_sjt_00614.jpg,20260116_fs_sjt_00614.jpg,1,train,C:\Users\CoirRaincoat\PyCharmMiscProject\AIcontest\AI\audit\competition_review\remediation_g1\dataset\train\labels\20260116_fs_sjt_00614.txt
C:\Users\CoirRaincoat\PyCharmMiscProject\AIcontest\AI\audit\competition_review\remediation_g1\dataset\train\images\20260116_fs_sjt_00615.jpg,20260116_fs_sjt_00615.jpg,1,train,C:\Users\CoirRaincoat\PyCharmMiscProject\AIcontest\AI\audit\competition_review\remediation_g1\dataset\train\labels\20260116_fs_sjt_00615.txt
C:\Users\CoirRaincoat\PyCharmMiscProject\AIcontest\AI\audit\competition_review\remediation_g1\dataset\train\images\20260116_fs_sjt_00621.jpg,20260116_fs_sjt_00621.jpg,1,train,C:\Users\CoirRaincoat\PyCharmMiscProject\AIcontest\AI\audit\competition_review\remediation_g1\dataset\train\labels\20260116_fs_sjt_00621.txt
C:\Users\CoirRaincoat\PyCharmMiscProject\AIcontest\AI\audit\competition_review\remediation_g1\dataset\train\images\20260116_fs_sjt_00622.jpg,20260116_fs_sjt_00622.jpg,0,train,C:\Users\CoirRaincoat\PyCharmMiscProject\AIcontest\AI\audit\competition_review\remediation_g1\dataset\train\labels\20260116_fs_sjt_00622.txt
C:\Users\CoirRaincoat\PyCharmMiscProject\AIcontest\AI\audit\competition_review\remediation_g1\dataset\train\images\20260116_fs_sjt_00623.jpg,20260116_fs_sjt_00623.jpg,1,train,C:\Users\CoirRaincoat\PyCharmMiscProject\AIcontest\AI\audit\competition_review\remediation_g1\dataset\train\labels\20260116_fs_sjt_00623.txt
C:\Users\CoirRaincoat\PyCharmMiscProject\AIcontest\AI\audit\competition_review\remediation_g1\dataset\train\images\20260116_fs_sjt_00624.jpg,20260116_fs_sjt_00624.jpg,1,train,C:\Users\CoirRaincoat\PyCharmMiscProject\AIcontest\AI\audit\competition_review\remediation_g1\dataset\train\labels\20260116_fs_sjt_00624.txt
C:\Users\CoirRaincoat\PyCharmMiscProject\AIcontest\AI\audit\competition_review\remediation_g1\dataset\train\images\20260116_fs_sjt_00630.jpg,20260116_fs_sjt_00630.jpg,0,train,C:\Users\CoirRaincoat\PyCharmMiscProject\AIcontest\AI\audit\competition_review\remediation_g1\dataset\train\labels\20260116_fs_sjt_00630.txt
C:\Users\CoirRaincoat\PyCharmMiscProject\AIcontest\AI\audit\competition_review\remediation_g1\dataset\train\images\20260116_fs_sjt_00632.jpg,20260116_fs_sjt_00632.jpg,1,train,C:\Users\CoirRaincoat\PyCharmMiscProject\AIcontest\AI\audit\competition_review\remediation_g1\dataset\train\labels\20260116_fs_sjt_00632.txt
C:\Users\CoirRaincoat\PyCharmMiscProject\AIcontest\AI\audit\competition_review\remediation_g1\dataset\train\images\20260116_fs_sjt_00633.jpg,20260116_fs_sjt_00633.jpg,1,train,C:\Users\CoirRaincoat\PyCharmMiscProject\AIcontest\AI\audit\competition_review\remediation_g1\dataset\train\labels\20260116_fs_sjt_00633.txt
C:\Users\CoirRaincoat\PyCharmMiscProject\AIcontest\AI\audit\competition_review\remediation_g1\dataset\train\images\20260116_fs_sjt_00639.jpg,20260116_fs_sjt_00639.jpg,0,train,C:\Users\CoirRaincoat\PyCharmMiscProject\AIcontest\AI\audit\competition_review\remediation_g1\dataset\train\labels\20260116_fs_sjt_00639.txt
C:\Users\CoirRaincoat\PyCharmMiscProject\AIcontest\AI\audit\competition_review\remediation_g1\dataset\train\images\20260116_fs_sjt_00641.jpg,20260116_fs_sjt_00641.jpg,1,train,C:\Users\CoirRaincoat\PyCharmMiscProject\AIcontest\AI\audit\competition_review\remediation_g1\dataset\train\labels\20260116_fs_sjt_00641.txt
C:\Users\CoirRaincoat\PyCharmMiscProject\AIcontest\AI\audit\competition_review\remediation_g1\dataset\train\images\20260116_fs_sjt_00648.jpg,20260116_fs_sjt_00648.jpg,0,train,C:\Users\CoirRaincoat\PyCharmMiscProject\AIcontest\AI\audit\competition_review\remediation_g1\dataset\train\labels\20260116_fs_sjt_00648.txt
C:\Users\CoirRaincoat\PyCharmMiscProject\AIcontest\AI\audit\competition_review\remediation_g1\dataset\train\images\20260116_fs_sjt_00650.jpg,20260116_fs_sjt_00650.jpg,1,train,C:\Users\CoirRaincoat\PyCharmMiscProject\AIcontest\AI\audit\competition_review\remediation_g1\dataset\train\labels\20260116_fs_sjt_00650.txt
C:\Users\CoirRaincoat\PyCharmMiscProject\AIcontest\AI\audit\competition_review\remediation_g1\dataset\train\images\20260116_fs_sjt_00651.jpg,20260116_fs_sjt_00651.jpg,0,train,C:\Users\CoirRaincoat\PyCharmMiscProject\AIcontest\AI\audit\competition_review\remediation_g1\dataset\train\labels\20260116_fs_sjt_00651.txt
C:\Users\CoirRaincoat\PyCharmMiscProject\AIcontest\AI\audit\competition_review\remediation_g1\dataset\train\images\20260116_fs_sjt_00657.jpg,20260116_fs_sjt_00657.jpg,1,train,C:\Users\CoirRaincoat\PyCharmMiscProject\AIcontest\AI\audit\competition_review\remediation_g1\dataset\train\labels\20260116_fs_sjt_00657.txt
C:\Users\CoirRaincoat\PyCharmMiscProject\AIcontest\AI\audit\competition_review\remediation_g1\dataset\train\images\20260116_fs_sjt_00659.jpg,20260116_fs_sjt_00659.jpg,1,train,C:\Users\CoirRaincoat\PyCharmMiscProject\AIcontest\AI\audit\competition_review\remediation_g1\dataset\train\labels\20260116_fs_sjt_00659.txt
C:\Users\CoirRaincoat\PyCharmMiscProject\AIcontest\AI\audit\competition_review\remediation_g1\dataset\train\images\20260116_fs_sjt_00660.jpg,20260116_fs_sjt_00660.jpg,1,train,C:\Users\CoirRaincoat\PyCharmMiscProject\AIcontest\AI\audit\competition_review\remediation_g1\dataset\train\labels\20260116_fs_sjt_00660.txt
C:\Users\CoirRaincoat\PyCharmMiscProject\AIcontest\AI\audit\competition_review\remediation_g1\dataset\train\images\20260116_fs_sjt_00666.jpg,20260116_fs_sjt_00666.jpg,1,train,C:\Users\CoirRaincoat\PyCharmMiscProject\AIcontest\AI\audit\competition_review\remediation_g1\dataset\train\labels\20260116_fs_sjt_00666.txt
C:\Users\CoirRaincoat\PyCharmMiscProject\AIcontest\AI\audit\competition_review\remediation_g1\dataset\train\images\20260116_fs_sjt_00667.jpg,20260116_fs_sjt_00667.jpg,0,train,C:\Users\CoirRaincoat\PyCharmMiscProject\AIcontest\AI\audit\competition_review\remediation_g1\dataset\train\labels\20260116_fs_sjt_00667.txt
C:\Users\CoirRaincoat\PyCharmMiscProject\AIcontest\AI\audit\competition_review\remediation_g1\dataset\train\images\20260116_fs_sjt_00669.jpg,20260116_fs_sjt_00669.jpg,0,train,C:\Users\CoirRaincoat\PyCharmMiscProject\AIcontest\AI\audit\competition_review\remediation_g1\dataset\train\labels\20260116_fs_sjt_00669.txt
C:\Users\CoirRaincoat\PyCharmMiscProject\AIcontest\AI\audit\competition_review\remediation_g1\dataset\train\images\20260116_fs_sjt_00676.jpg,20260116_fs_sjt_00676.jpg,0,train,C:\Users\CoirRaincoat\PyCharmMiscProject\AIcontest\AI\audit\competition_review\remediation_g1\dataset\train\labels\20260116_fs_sjt_00676.txt
C:\Users\CoirRaincoat\PyCharmMiscProject\AIcontest\AI\audit\competition_review\remediation_g1\dataset\train\images\20260116_fs_sjt_00677.jpg,20260116_fs_sjt_00677.jpg,1,train,C:\Users\CoirRaincoat\PyCharmMiscProject\AIcontest\AI\audit\competition_review\remediation_g1\dataset\train\labels\20260116_fs_sjt_00677.txt
C:\Users\CoirRaincoat\PyCharmMiscProject\AIcontest\AI\audit\competition_review\remediation_g1\dataset\train\images\20260116_fs_sjt_00684.jpg,20260116_fs_sjt_00684.jpg,0,train,C:\Users\CoirRaincoat\PyCharmMiscProject\AIcontest\AI\audit\competition_review\remediation_g1\dataset\train\labels\20260116_fs_sjt_00684.txt
C:\Users\CoirRaincoat\PyCharmMiscProject\AIcontest\AI\audit\competition_review\remediation_g1\dataset\train\images\20260116_fs_sjt_00685.jpg,20260116_fs_sjt_00685.jpg,1,train,C:\Users\CoirRaincoat\PyCharmMiscProject\AIcontest\AI\audit\competition_review\remediation_g1\dataset\train\labels\20260116_fs_sjt_00685.txt
C:\Users\CoirRaincoat\PyCharmMiscProject\AIcontest\AI\audit\competition_review\remediation_g1\dataset\train\images\20260116_fs_sjt_00687.jpg,20260116_fs_sjt_00687.jpg,1,train,C:\Users\CoirRaincoat\PyCharmMiscProject\AIcontest\AI\audit\competition_review\remediation_g1\dataset\train\labels\20260116_fs_sjt_00687.txt
C:\Users\CoirRaincoat\PyCharmMiscProject\AIcontest\AI\audit\competition_review\remediation_g1\dataset\train\images\20260116_fs_sjt_00693.jpg,20260116_fs_sjt_00693.jpg,1,train,C:\Users\CoirRaincoat\PyCharmMiscProject\AIcontest\AI\audit\competition_review\remediation_g1\dataset\train\labels\20260116_fs_sjt_00693.txt
C:\Users\CoirRaincoat\PyCharmMiscProject\AIcontest\AI\audit\competition_review\remediation_g1\dataset\train\images\20260116_fs_sjt_00694.jpg,20260116_fs_sjt_00694.jpg,1,train,C:\Users\CoirRaincoat\PyCharmMiscProject\AIcontest\AI\audit\competition_review\remediation_g1\dataset\train\labels\20260116_fs_sjt_00694.txt
C:\Users\CoirRaincoat\PyCharmMiscProject\AIcontest\AI\audit\competition_review\remediation_g1\dataset\train\images\20260116_fs_sjt_00695.jpg,20260116_fs_sjt_00695.jpg,1,train,C:\Users\CoirRaincoat\PyCharmMiscProject\AIcontest\AI\audit\competition_review\remediation_g1\dataset\train\labels\20260116_fs_sjt_00695.txt
C:\Users\CoirRaincoat\PyCharmMiscProject\AIcontest\AI\audit\competition_review\remediation_g1\dataset\train\images\20260116_fs_sjt_00702.jpg,20260116_fs_sjt_00702.jpg,1,train,C:\Users\CoirRaincoat\PyCharmMiscProject\AIcontest\AI\audit\competition_review\remediation_g1\dataset\train\labels\20260116_fs_sjt_00702.txt
C:\Users\CoirRaincoat\PyCharmMiscProject\AIcontest\AI\audit\competition_review\remediation_g1\dataset\train\images\20260116_fs_sjt_00703.jpg,20260116_fs_sjt_00703.jpg,0,train,C:\Users\CoirRaincoat\PyCharmMiscProject\AIcontest\AI\audit\competition_review\remediation_g1\dataset\train\labels\20260116_fs_sjt_00703.txt
C:\Users\CoirRaincoat\PyCharmMiscProject\AIcontest\AI\audit\competition_review\remediation_g1\dataset\train\images\20260116_fs_sjt_00704.jpg,20260116_fs_sjt_00704.jpg,0,train,C:\Users\CoirRaincoat\PyCharmMiscProject\AIcontest\AI\audit\competition_review\remediation_g1\dataset\train\labels\20260116_fs_sjt_00704.txt
C:\Users\CoirRaincoat\PyCharmMiscProject\AIcontest\AI\audit\competition_review\remediation_g1\dataset\train\images\20260116_fs_sjt_00705.jpg,20260116_fs_sjt_00705.jpg,1,train,C:\Users\CoirRaincoat\PyCharmMiscProject\AIcontest\AI\audit\competition_review\remediation_g1\dataset\train\labels\20260116_fs_sjt_00705.txt
C:\Users\CoirRaincoat\PyCharmMiscProject\AIcontest\AI\audit\competition_review\remediation_g1\dataset\train\images\20260116_fs_sjt_00711.jpg,20260116_fs_sjt_00711.jpg,0,train,C:\Users\CoirRaincoat\PyCharmMiscProject\AIcontest\AI\audit\competition_review\remediation_g1\dataset\train\labels\20260116_fs_sjt_00711.txt
C:\Users\CoirRaincoat\PyCharmMiscProject\AIcontest\AI\audit\competition_review\remediation_g1\dataset\train\images\20260116_fs_sjt_00712.jpg,20260116_fs_sjt_00712.jpg,1,train,C:\Users\CoirRaincoat\PyCharmMiscProject\AIcontest\AI\audit\competition_review\remediation_g1\dataset\train\labels\20260116_fs_sjt_00712.txt
C:\Users\CoirRaincoat\PyCharmMiscProject\AIcontest\AI\audit\competition_review\remediation_g1\dataset\train\images\20260116_fs_sjt_00713.jpg,20260116_fs_sjt_00713.jpg,1,train,C:\Users\CoirRaincoat\PyCharmMiscProject\AIcontest\AI\audit\competition_review\remediation_g1\dataset\train\labels\20260116_fs_sjt_00713.txt
C:\Users\CoirRaincoat\PyCharmMiscProject\AIcontest\AI\audit\competition_review\remediation_g1\dataset\train\images\20260116_fs_sjt_00720.jpg,20260116_fs_sjt_00720.jpg,1,train,C:\Users\CoirRaincoat\PyCharmMiscProject\AIcontest\AI\audit\competition_review\remediation_g1\dataset\train\labels\20260116_fs_sjt_00720.txt
C:\Users\CoirRaincoat\PyCharmMiscProject\AIcontest\AI\audit\competition_review\remediation_g1\dataset\train\images\20260116_fs_sjt_00721.jpg,20260116_fs_sjt_00721.jpg,1,train,C:\Users\CoirRaincoat\PyCharmMiscProject\AIcontest\AI\audit\competition_review\remediation_g1\dataset\train\labels\20260116_fs_sjt_00721.txt
C:\Users\CoirRaincoat\PyCharmMiscProject\AIcontest\AI\audit\competition_review\remediation_g1\dataset\train\images\20260116_fs_sjt_00722.jpg,20260116_fs_sjt_00722.jpg,1,train,C:\Users\CoirRaincoat\PyCharmMiscProject\AIcontest\AI\audit\competition_review\remediation_g1\dataset\train\labels\20260116_fs_sjt_00722.txt
C:\Users\CoirRaincoat\PyCharmMiscProject\AIcontest\AI\audit\competition_review\remediation_g1\dataset\train\images\20260116_fs_sjt_00723.jpg,20260116_fs_sjt_00723.jpg,0,train,C:\Users\CoirRaincoat\PyCharmMiscProject\AIcontest\AI\audit\competition_review\remediation_g1\dataset\train\labels\20260116_fs_sjt_00723.txt
C:\Users\CoirRaincoat\PyCharmMiscProject\AIcontest\AI\audit\competition_review\remediation_g1\dataset\train\images\20260116_fs_sjt_00732.jpg,20260116_fs_sjt_00732.jpg,0,train,C:\Users\CoirRaincoat\PyCharmMiscProject\AIcontest\AI\audit\competition_review\remediation_g1\dataset\train\labels\20260116_fs_sjt_00732.txt
C:\Users\CoirRaincoat\PyCharmMiscProject\AIcontest\AI\audit\competition_review\remediation_g1\dataset\train\images\20260116_fs_sjt_00739.jpg,20260116_fs_sjt_00739.jpg,0,train,C:\Users\CoirRaincoat\PyCharmMiscProject\AIcontest\AI\audit\competition_review\remediation_g1\dataset\train\labels\20260116_fs_sjt_00739.txt
C:\Users\CoirRaincoat\PyCharmMiscProject\AIcontest\AI\audit\competition_review\remediation_g1\dataset\train\images\20260116_fs_sjt_00740.jpg,20260116_fs_sjt_00740.jpg,1,train,C:\Users\CoirRaincoat\PyCharmMiscProject\AIcontest\AI\audit\competition_review\remediation_g1\dataset\train\labels\20260116_fs_sjt_00740.txt
C:\Users\CoirRaincoat\PyCharmMiscProject\AIcontest\AI\audit\competition_review\remediation_g1\dataset\train\images\20260116_fs_sjt_00741.jpg,20260116_fs_sjt_00741.jpg,1,train,C:\Users\CoirRaincoat\PyCharmMiscProject\AIcontest\AI\audit\competition_review\remediation_g1\dataset\train\labels\20260116_fs_sjt_00741.txt
C:\Users\CoirRaincoat\PyCharmMiscProject\AIcontest\AI\audit\competition_review\remediation_g1\dataset\train\images\20260116_fs_sjt_00748.jpg,20260116_fs_sjt_00748.jpg,1,train,C:\Users\CoirRaincoat\PyCharmMiscProject\AIcontest\AI\audit\competition_review\remediation_g1\dataset\train\labels\20260116_fs_sjt_00748.txt
C:\Users\CoirRaincoat\PyCharmMiscProject\AIcontest\AI\audit\competition_review\remediation_g1\dataset\train\images\20260116_fs_sjt_00749.jpg,20260116_fs_sjt_00749.jpg,0,train,C:\Users\CoirRaincoat\PyCharmMiscProject\AIcontest\AI\audit\competition_review\remediation_g1\dataset\train\labels\20260116_fs_sjt_00749.txt
C:\Users\CoirRaincoat\PyCharmMiscProject\AIcontest\AI\audit\competition_review\remediation_g1\dataset\train\images\20260116_fs_sjt_00756.jpg,20260116_fs_sjt_00756.jpg,1,train,C:\Users\CoirRaincoat\PyCharmMiscProject\AIcontest\AI\audit\competition_review\remediation_g1\dataset\train\labels\20260116_fs_sjt_00756.txt
C:\Users\CoirRaincoat\PyCharmMiscProject\AIcontest\AI\audit\competition_review\remediation_g1\dataset\train\images\20260116_fs_sjt_00758.jpg,20260116_fs_sjt_00758.jpg,0,train,C:\Users\CoirRaincoat\PyCharmMiscProject\AIcontest\AI\audit\competition_review\remediation_g1\dataset\train\labels\20260116_fs_sjt_00758.txt
C:\Users\CoirRaincoat\PyCharmMiscProject\AIcontest\AI\audit\competition_review\remediation_g1\dataset\train\images\20260116_fs_sjt_00759.jpg,20260116_fs_sjt_00759.jpg,1,train,C:\Users\CoirRaincoat\PyCharmMiscProject\AIcontest\AI\audit\competition_review\remediation_g1\dataset\train\labels\20260116_fs_sjt_00759.txt
C:\Users\CoirRaincoat\PyCharmMiscProject\AIcontest\AI\audit\competition_review\remediation_g1\dataset\train\images\20260116_fs_sjt_00765.jpg,20260116_fs_sjt_00765.jpg,0,train,C:\Users\CoirRaincoat\PyCharmMiscProject\AIcontest\AI\audit\competition_review\remediation_g1\dataset\train\labels\20260116_fs_sjt_00765.txt
C:\Users\CoirRaincoat\PyCharmMiscProject\AIcontest\AI\audit\competition_review\remediation_g1\dataset\train\images\20260116_fs_sjt_00766.jpg,20260116_fs_sjt_00766.jpg,1,train,C:\Users\CoirRaincoat\PyCharmMiscProject\AIcontest\AI\audit\competition_review\remediation_g1\dataset\train\labels\20260116_fs_sjt_00766.txt
C:\Users\CoirRaincoat\PyCharmMiscProject\AIcontest\AI\audit\competition_review\remediation_g1\dataset\train\images\20260116_fs_sjt_00768.jpg,20260116_fs_sjt_00768.jpg,0,train,C:\Users\CoirRaincoat\PyCharmMiscProject\AIcontest\AI\audit\competition_review\remediation_g1\dataset\train\labels\20260116_fs_sjt_00768.txt
C:\Users\CoirRaincoat\PyCharmMiscProject\AIcontest\AI\audit\competition_review\remediation_g1\dataset\train\images\20260116_fs_sjt_00774.jpg,20260116_fs_sjt_00774.jpg,1,train,C:\Users\CoirRaincoat\PyCharmMiscProject\AIcontest\AI\audit\competition_review\remediation_g1\dataset\train\labels\20260116_fs_sjt_00774.txt
C:\Users\CoirRaincoat\PyCharmMiscProject\AIcontest\AI\audit\competition_review\remediation_g1\dataset\train\images\20260116_fs_sjt_00775.jpg,20260116_fs_sjt_00775.jpg,0,train,C:\Users\CoirRaincoat\PyCharmMiscProject\AIcontest\AI\audit\competition_review\remediation_g1\dataset\train\labels\20260116_fs_sjt_00775.txt
C:\Users\CoirRaincoat\PyCharmMiscProject\AIcontest\AI\audit\competition_review\remediation_g1\dataset\train\images\20260116_fs_sjt_00777.jpg,20260116_fs_sjt_00777.jpg,1,train,C:\Users\CoirRaincoat\PyCharmMiscProject\AIcontest\AI\audit\competition_review\remediation_g1\dataset\train\labels\20260116_fs_sjt_00777.txt
C:\Users\CoirRaincoat\PyCharmMiscProject\AIcontest\AI\audit\competition_review\remediation_g1\dataset\train\images\20260116_fs_sjt_00784.jpg,20260116_fs_sjt_00784.jpg,0,train,C:\Users\CoirRaincoat\PyCharmMiscProject\AIcontest\AI\audit\competition_review\remediation_g1\dataset\train\labels\20260116_fs_sjt_00784.txt
C:\Users\CoirRaincoat\PyCharmMiscProject\AIcontest\AI\audit\competition_review\remediation_g1\dataset\train\images\20260116_fs_sjt_00785.jpg,20260116_fs_sjt_00785.jpg,1,train,C:\Users\CoirRaincoat\PyCharmMiscProject\AIcontest\AI\audit\competition_review\remediation_g1\dataset\train\labels\20260116_fs_sjt_00785.txt
C:\Users\CoirRaincoat\PyCharmMiscProject\AIcontest\AI\audit\competition_review\remediation_g1\dataset\train\images\20260116_fs_sjt_00786.jpg,20260116_fs_sjt_00786.jpg,1,train,C:\Users\CoirRaincoat\PyCharmMiscProject\AIcontest\AI\audit\competition_review\remediation_g1\dataset\train\labels\20260116_fs_sjt_00786.txt
C:\Users\CoirRaincoat\PyCharmMiscProject\AIcontest\AI\audit\competition_review\remediation_g1\dataset\train\images\20260116_fs_sjt_00793.jpg,20260116_fs_sjt_00793.jpg,1,train,C:\Users\CoirRaincoat\PyCharmMiscProject\AIcontest\AI\audit\competition_review\remediation_g1\dataset\train\labels\20260116_fs_sjt_00793.txt
C:\Users\CoirRaincoat\PyCharmMiscProject\AIcontest\AI\audit\competition_review\remediation_g1\dataset\train\images\20260116_fs_sjt_00794.jpg,20260116_fs_sjt_00794.jpg,0,train,C:\Users\CoirRaincoat\PyCharmMiscProject\AIcontest\AI\audit\competition_review\remediation_g1\dataset\train\labels\20260116_fs_sjt_00794.txt
C:\Users\CoirRaincoat\PyCharmMiscProject\AIcontest\AI\audit\competition_review\remediation_g1\dataset\train\images\20260116_fs_sjt_00795.jpg,20260116_fs_sjt_00795.jpg,1,train,C:\Users\CoirRaincoat\PyCharmMiscProject\AIcontest\AI\audit\competition_review\remediation_g1\dataset\train\labels\20260116_fs_sjt_00795.txt
C:\Users\CoirRaincoat\PyCharmMiscProject\AIcontest\AI\audit\competition_review\remediation_g1\dataset\train\images\20260116_fs_sjt_00801.jpg,20260116_fs_sjt_00801.jpg,0,train,C:\Users\CoirRaincoat\PyCharmMiscProject\AIcontest\AI\audit\competition_review\remediation_g1\dataset\train\labels\20260116_fs_sjt_00801.txt
C:\Users\CoirRaincoat\PyCharmMiscProject\AIcontest\AI\audit\competition_review\remediation_g1\dataset\train\images\20260116_fs_sjt_00802.jpg,20260116_fs_sjt_00802.jpg,1,train,C:\Users\CoirRaincoat\PyCharmMiscProject\AIcontest\AI\audit\competition_review\remediation_g1\dataset\train\labels\20260116_fs_sjt_00802.txt
C:\Users\CoirRaincoat\PyCharmMiscProject\AIcontest\AI\audit\competition_review\remediation_g1\dataset\train\images\20260116_fs_sjt_00811.jpg,20260116_fs_sjt_00811.jpg,1,train,C:\Users\CoirRaincoat\PyCharmMiscProject\AIcontest\AI\audit\competition_review\remediation_g1\dataset\train\labels\20260116_fs_sjt_00811.txt
C:\Users\CoirRaincoat\PyCharmMiscProject\AIcontest\AI\audit\competition_review\remediation_g1\dataset\train\images\20260116_fs_sjt_00812.jpg,20260116_fs_sjt_00812.jpg,0,train,C:\Users\CoirRaincoat\PyCharmMiscProject\AIcontest\AI\audit\competition_review\remediation_g1\dataset\train\labels\20260116_fs_sjt_00812.txt
C:\Users\CoirRaincoat\PyCharmMiscProject\AIcontest\AI\audit\competition_review\remediation_g1\dataset\train\images\20260116_fs_sjt_00813.jpg,20260116_fs_sjt_00813.jpg,1,train,C:\Users\CoirRaincoat\PyCharmMiscProject\AIcontest\AI\audit\competition_review\remediation_g1\dataset\train\labels\20260116_fs_sjt_00813.txt
C:\Users\CoirRaincoat\PyCharmMiscProject\AIcontest\AI\audit\competition_review\remediation_g1\dataset\train\images\20260116_fs_sjt_00819.jpg,20260116_fs_sjt_00819.jpg,1,train,C:\Users\CoirRaincoat\PyCharmMiscProject\AIcontest\AI\audit\competition_review\remediation_g1\dataset\train\labels\20260116_fs_sjt_00819.txt
C:\Users\CoirRaincoat\PyCharmMiscProject\AIcontest\AI\audit\competition_review\remediation_g1\dataset\train\images\20260116_fs_sjt_00820.jpg,20260116_fs_sjt_00820.jpg,1,train,C:\Users\CoirRaincoat\PyCharmMiscProject\AIcontest\AI\audit\competition_review\remediation_g1\dataset\train\labels\20260116_fs_sjt_00820.txt
C:\Users\CoirRaincoat\PyCharmMiscProject\AIcontest\AI\audit\competition_review\remediation_g1\dataset\train\images\20260116_fs_sjt_00821.jpg,20260116_fs_sjt_00821.jpg,0,train,C:\Users\CoirRaincoat\PyCharmMiscProject\AIcontest\AI\audit\competition_review\remediation_g1\dataset\train\labels\20260116_fs_sjt_00821.txt
C:\Users\CoirRaincoat\PyCharmMiscProject\AIcontest\AI\audit\competition_review\remediation_g1\dataset\train\images\20260116_fs_sjt_00828.jpg,20260116_fs_sjt_00828.jpg,1,train,C:\Users\CoirRaincoat\PyCharmMiscProject\AIcontest\AI\audit\competition_review\remediation_g1\dataset\train\labels\20260116_fs_sjt_00828.txt
C:\Users\CoirRaincoat\PyCharmMiscProject\AIcontest\AI\audit\competition_review\remediation_g1\dataset\train\images\20260116_fs_sjt_00829.jpg,20260116_fs_sjt_00829.jpg,0,train,C:\Users\CoirRaincoat\PyCharmMiscProject\AIcontest\AI\audit\competition_review\remediation_g1\dataset\train\labels\20260116_fs_sjt_00829.txt
C:\Users\CoirRaincoat\PyCharmMiscProject\AIcontest\AI\audit\competition_review\remediation_g1\dataset\train\images\20260116_fs_sjt_00837.jpg,20260116_fs_sjt_00837.jpg,1,train,C:\Users\CoirRaincoat\PyCharmMiscProject\AIcontest\AI\audit\competition_review\remediation_g1\dataset\train\labels\20260116_fs_sjt_00837.txt
C:\Users\CoirRaincoat\PyCharmMiscProject\AIcontest\AI\audit\competition_review\remediation_g1\dataset\train\images\20260116_fs_sjt_00838.jpg,20260116_fs_sjt_00838.jpg,1,train,C:\Users\CoirRaincoat\PyCharmMiscProject\AIcontest\AI\audit\competition_review\remediation_g1\dataset\train\labels\20260116_fs_sjt_00838.txt
C:\Users\CoirRaincoat\PyCharmMiscProject\AIcontest\AI\audit\competition_review\remediation_g1\dataset\train\images\20260116_fs_sjt_00839.jpg,20260116_fs_sjt_00839.jpg,1,train,C:\Users\CoirRaincoat\PyCharmMiscProject\AIcontest\AI\audit\competition_review\remediation_g1\dataset\train\labels\20260116_fs_sjt_00839.txt
C:\Users\CoirRaincoat\PyCharmMiscProject\AIcontest\AI\audit\competition_review\remediation_g1\dataset\train\images\20260116_fs_sjt_00840.jpg,20260116_fs_sjt_00840.jpg,1,train,C:\Users\CoirRaincoat\PyCharmMiscProject\AIcontest\AI\audit\competition_review\remediation_g1\dataset\train\labels\20260116_fs_sjt_00840.txt
C:\Users\CoirRaincoat\PyCharmMiscProject\AIcontest\AI\audit\competition_review\remediation_g1\dataset\train\images\20260116_fs_sjt_00846.jpg,20260116_fs_sjt_00846.jpg,1,train,C:\Users\CoirRaincoat\PyCharmMiscProject\AIcontest\AI\audit\competition_review\remediation_g1\dataset\train\labels\20260116_fs_sjt_00846.txt
C:\Users\CoirRaincoat\PyCharmMiscProject\AIcontest\AI\audit\competition_review\remediation_g1\dataset\train\images\20260116_fs_sjt_00848.jpg,20260116_fs_sjt_00848.jpg,1,train,C:\Users\CoirRaincoat\PyCharmMiscProject\AIcontest\AI\audit\competition_review\remediation_g1\dataset\train\labels\20260116_fs_sjt_00848.txt
C:\Users\CoirRaincoat\PyCharmMiscProject\AIcontest\AI\audit\competition_review\remediation_g1\dataset\train\images\20260116_fs_sjt_00849.jpg,20260116_fs_sjt_00849.jpg,1,train,C:\Users\CoirRaincoat\PyCharmMiscProject\AIcontest\AI\audit\competition_review\remediation_g1\dataset\train\labels\20260116_fs_sjt_00849.txt
C:\Users\CoirRaincoat\PyCharmMiscProject\AIcontest\AI\audit\competition_review\remediation_g1\dataset\train\images\20260116_fs_sjt_00855.jpg,20260116_fs_sjt_00855.jpg,0,train,C:\Users\CoirRaincoat\PyCharmMiscProject\AIcontest\AI\audit\competition_review\remediation_g1\dataset\train\labels\20260116_fs_sjt_00855.txt
C:\Users\CoirRaincoat\PyCharmMiscProject\AIcontest\AI\audit\competition_review\remediation_g1\dataset\train\images\20260116_fs_sjt_00856.jpg,20260116_fs_sjt_00856.jpg,0,train,C:\Users\CoirRaincoat\PyCharmMiscProject\AIcontest\AI\audit\competition_review\remediation_g1\dataset\train\labels\20260116_fs_sjt_00856.txt
C:\Users\CoirRaincoat\PyCharmMiscProject\AIcontest\AI\audit\competition_review\remediation_g1\dataset\train\images\20260116_fs_sjt_00857.jpg,20260116_fs_sjt_00857.jpg,1,train,C:\Users\CoirRaincoat\PyCharmMiscProject\AIcontest\AI\audit\competition_review\remediation_g1\dataset\train\labels\20260116_fs_sjt_00857.txt
C:\Users\CoirRaincoat\PyCharmMiscProject\AIcontest\AI\audit\competition_review\remediation_g1\dataset\train\images\20260116_fs_sjt_00858.jpg,20260116_fs_sjt_00858.jpg,1,train,C:\Users\CoirRaincoat\PyCharmMiscProject\AIcontest\AI\audit\competition_review\remediation_g1\dataset\train\labels\20260116_fs_sjt_00858.txt
C:\Users\CoirRaincoat\PyCharmMiscProject\AIcontest\AI\audit\competition_review\remediation_g1\dataset\train\images\20260116_fs_sjt_00864.jpg,20260116_fs_sjt_00864.jpg,1,train,C:\Users\CoirRaincoat\PyCharmMiscProject\AIcontest\AI\audit\competition_review\remediation_g1\dataset\train\labels\20260116_fs_sjt_00864.txt
C:\Users\CoirRaincoat\PyCharmMiscProject\AIcontest\AI\audit\competition_review\remediation_g1\dataset\train\images\20260116_fs_sjt_00866.jpg,20260116_fs_sjt_00866.jpg,0,train,C:\Users\CoirRaincoat\PyCharmMiscProject\AIcontest\AI\audit\competition_review\remediation_g1\dataset\train\labels\20260116_fs_sjt_00866.txt
C:\Users\CoirRaincoat\PyCharmMiscProject\AIcontest\AI\audit\competition_review\remediation_g1\dataset\train\images\20260116_fs_sjt_00867.jpg,20260116_fs_sjt_00867.jpg,1,train,C:\Users\CoirRaincoat\PyCharmMiscProject\AIcontest\AI\audit\competition_review\remediation_g1\dataset\train\labels\20260116_fs_sjt_00867.txt
C:\Users\CoirRaincoat\PyCharmMiscProject\AIcontest\AI\audit\competition_review\remediation_g1\dataset\train\images\20260116_fs_sjt_00873.jpg,20260116_fs_sjt_00873.jpg,1,train,C:\Users\CoirRaincoat\PyCharmMiscProject\AIcontest\AI\audit\competition_review\remediation_g1\dataset\train\labels\20260116_fs_sjt_00873.txt
C:\Users\CoirRaincoat\PyCharmMiscProject\AIcontest\AI\audit\competition_review\remediation_g1\dataset\train\images\20260116_fs_sjt_00874.jpg,20260116_fs_sjt_00874.jpg,1,train,C:\Users\CoirRaincoat\PyCharmMiscProject\AIcontest\AI\audit\competition_review\remediation_g1\dataset\train\labels\20260116_fs_sjt_00874.txt
C:\Users\CoirRaincoat\PyCharmMiscProject\AIcontest\AI\audit\competition_review\remediation_g1\dataset\train\images\20260116_fs_sjt_00875.jpg,20260116_fs_sjt_00875.jpg,0,train,C:\Users\CoirRaincoat\PyCharmMiscProject\AIcontest\AI\audit\competition_review\remediation_g1\dataset\train\labels\20260116_fs_sjt_00875.txt
C:\Users\CoirRaincoat\PyCharmMiscProject\AIcontest\AI\audit\competition_review\remediation_g1\dataset\train\images\20260116_fs_sjt_00876.jpg,20260116_fs_sjt_00876.jpg,1,train,C:\Users\CoirRaincoat\PyCharmMiscProject\AIcontest\AI\audit\competition_review\remediation_g1\dataset\train\labels\20260116_fs_sjt_00876.txt
C:\Users\CoirRaincoat\PyCharmMiscProject\AIcontest\AI\audit\competition_review\remediation_g1\dataset\train\images\20260116_fs_sjt_00882.jpg,20260116_fs_sjt_00882.jpg,1,train,C:\Users\CoirRaincoat\PyCharmMiscProject\AIcontest\AI\audit\competition_review\remediation_g1\dataset\train\labels\20260116_fs_sjt_00882.txt
C:\Users\CoirRaincoat\PyCharmMiscProject\AIcontest\AI\audit\competition_review\remediation_g1\dataset\train\images\20260116_fs_sjt_00884.jpg,20260116_fs_sjt_00884.jpg,1,train,C:\Users\CoirRaincoat\PyCharmMiscProject\AIcontest\AI\audit\competition_review\remediation_g1\dataset\train\labels\20260116_fs_sjt_00884.txt
C:\Users\CoirRaincoat\PyCharmMiscProject\AIcontest\AI\audit\competition_review\remediation_g1\dataset\train\images\20260116_fs_sjt_00885.jpg,20260116_fs_sjt_00885.jpg,1,train,C:\Users\CoirRaincoat\PyCharmMiscProject\AIcontest\AI\audit\competition_review\remediation_g1\dataset\train\labels\20260116_fs_sjt_00885.txt
C:\Users\CoirRaincoat\PyCharmMiscProject\AIcontest\AI\audit\competition_review\remediation_g1\dataset\train\images\20260116_fs_sjt_00891.jpg,20260116_fs_sjt_00891.jpg,1,train,C:\Users\CoirRaincoat\PyCharmMiscProject\AIcontest\AI\audit\competition_review\remediation_g1\dataset\train\labels\20260116_fs_sjt_00891.txt
C:\Users\CoirRaincoat\PyCharmMiscProject\AIcontest\AI\audit\competition_review\remediation_g1\dataset\train\images\20260116_fs_sjt_00894.jpg,20260116_fs_sjt_00894.jpg,1,train,C:\Users\CoirRaincoat\PyCharmMiscProject\AIcontest\AI\audit\competition_review\remediation_g1\dataset\train\labels\20260116_fs_sjt_00894.txt
C:\Users\CoirRaincoat\PyCharmMiscProject\AIcontest\AI\audit\competition_review\remediation_g1\dataset\train\images\20260116_fs_sjt_00900.jpg,20260116_fs_sjt_00900.jpg,0,train,C:\Users\CoirRaincoat\PyCharmMiscProject\AIcontest\AI\audit\competition_review\remediation_g1\dataset\train\labels\20260116_fs_sjt_00900.txt
C:\Users\CoirRaincoat\PyCharmMiscProject\AIcontest\AI\audit\competition_review\remediation_g1\dataset\train\images\20260116_fs_sjt_00901.jpg,20260116_fs_sjt_00901.jpg,1,train,C:\Users\CoirRaincoat\PyCharmMiscProject\AIcontest\AI\audit\competition_review\remediation_g1\dataset\train\labels\20260116_fs_sjt_00901.txt
C:\Users\CoirRaincoat\PyCharmMiscProject\AIcontest\AI\audit\competition_review\remediation_g1\dataset\train\images\20260116_fs_sjt_00902.jpg,20260116_fs_sjt_00902.jpg,0,train,C:\Users\CoirRaincoat\PyCharmMiscProject\AIcontest\AI\audit\competition_review\remediation_g1\dataset\train\labels\20260116_fs_sjt_00902.txt
C:\Users\CoirRaincoat\PyCharmMiscProject\AIcontest\AI\audit\competition_review\remediation_g1\dataset\train\images\20260116_fs_sjt_00903.jpg,20260116_fs_sjt_00903.jpg,1,train,C:\Users\CoirRaincoat\PyCharmMiscProject\AIcontest\AI\audit\competition_review\remediation_g1\dataset\train\labels\20260116_fs_sjt_00903.txt
C:\Users\CoirRaincoat\PyCharmMiscProject\AIcontest\AI\audit\competition_review\remediation_g1\dataset\train\images\20260116_fs_sjt_00909.jpg,20260116_fs_sjt_00909.jpg,1,train,C:\Users\CoirRaincoat\PyCharmMiscProject\AIcontest\AI\audit\competition_review\remediation_g1\dataset\train\labels\20260116_fs_sjt_00909.txt
C:\Users\CoirRaincoat\PyCharmMiscProject\AIcontest\AI\audit\competition_review\remediation_g1\dataset\train\images\20260116_fs_sjt_00910.jpg,20260116_fs_sjt_00910.jpg,1,train,C:\Users\CoirRaincoat\PyCharmMiscProject\AIcontest\AI\audit\competition_review\remediation_g1\dataset\train\labels\20260116_fs_sjt_00910.txt
C:\Users\CoirRaincoat\PyCharmMiscProject\AIcontest\AI\audit\competition_review\remediation_g1\dataset\train\images\20260116_fs_sjt_00912.jpg,20260116_fs_sjt_00912.jpg,1,train,C:\Users\CoirRaincoat\PyCharmMiscProject\AIcontest\AI\audit\competition_review\remediation_g1\dataset\train\labels\20260116_fs_sjt_00912.txt
C:\Users\CoirRaincoat\PyCharmMiscProject\AIcontest\AI\audit\competition_review\remediation_g1\dataset\train\images\20260116_fs_sjt_00918.jpg,20260116_fs_sjt_00918.jpg,1,train,C:\Users\CoirRaincoat\PyCharmMiscProject\AIcontest\AI\audit\competition_review\remediation_g1\dataset\train\labels\20260116_fs_sjt_00918.txt
C:\Users\CoirRaincoat\PyCharmMiscProject\AIcontest\AI\audit\competition_review\remediation_g1\dataset\train\images\20260116_fs_sjt_00919.jpg,20260116_fs_sjt_00919.jpg,1,train,C:\Users\CoirRaincoat\PyCharmMiscProject\AIcontest\AI\audit\competition_review\remediation_g1\dataset\train\labels\20260116_fs_sjt_00919.txt
C:\Users\CoirRaincoat\PyCharmMiscProject\AIcontest\AI\audit\competition_review\remediation_g1\dataset\train\images\20260116_fs_sjt_00929.jpg,20260116_fs_sjt_00929.jpg,1,train,C:\Users\CoirRaincoat\PyCharmMiscProject\AIcontest\AI\audit\competition_review\remediation_g1\dataset\train\labels\20260116_fs_sjt_00929.txt
C:\Users\CoirRaincoat\PyCharmMiscProject\AIcontest\AI\audit\competition_review\remediation_g1\dataset\train\images\20260116_fs_sjt_00930.jpg,20260116_fs_sjt_00930.jpg,1,train,C:\Users\CoirRaincoat\PyCharmMiscProject\AIcontest\AI\audit\competition_review\remediation_g1\dataset\train\labels\20260116_fs_sjt_00930.txt
C:\Users\CoirRaincoat\PyCharmMiscProject\AIcontest\AI\audit\competition_review\remediation_g1\dataset\train\images\20260116_fs_sjt_00936.jpg,20260116_fs_sjt_00936.jpg,1,train,C:\Users\CoirRaincoat\PyCharmMiscProject\AIcontest\AI\audit\competition_review\remediation_g1\dataset\train\labels\20260116_fs_sjt_00936.txt
C:\Users\CoirRaincoat\PyCharmMiscProject\AIcontest\AI\audit\competition_review\remediation_g1\dataset\train\images\20260116_fs_sjt_00937.jpg,20260116_fs_sjt_00937.jpg,1,train,C:\Users\CoirRaincoat\PyCharmMiscProject\AIcontest\AI\audit\competition_review\remediation_g1\dataset\train\labels\20260116_fs_sjt_00937.txt
C:\Users\CoirRaincoat\PyCharmMiscProject\AIcontest\AI\audit\competition_review\remediation_g1\dataset\train\images\20260116_fs_sjt_00938.jpg,20260116_fs_sjt_00938.jpg,1,train,C:\Users\CoirRaincoat\PyCharmMiscProject\AIcontest\AI\audit\competition_review\remediation_g1\dataset\train\labels\20260116_fs_sjt_00938.txt
C:\Users\CoirRaincoat\PyCharmMiscProject\AIcontest\AI\audit\competition_review\remediation_g1\dataset\train\images\20260116_fs_sjt_00939.jpg,20260116_fs_sjt_00939.jpg,0,train,C:\Users\CoirRaincoat\PyCharmMiscProject\AIcontest\AI\audit\competition_review\remediation_g1\dataset\train\labels\20260116_fs_sjt_00939.txt
C:\Users\CoirRaincoat\PyCharmMiscProject\AIcontest\AI\audit\competition_review\remediation_g1\dataset\train\images\20260116_fs_sjt_00945.jpg,20260116_fs_sjt_00945.jpg,0,train,C:\Users\CoirRaincoat\PyCharmMiscProject\AIcontest\AI\audit\competition_review\remediation_g1\dataset\train\labels\20260116_fs_sjt_00945.txt
C:\Users\CoirRaincoat\PyCharmMiscProject\AIcontest\AI\audit\competition_review\remediation_g1\dataset\train\images\20260116_fs_sjt_00946.jpg,20260116_fs_sjt_00946.jpg,0,train,C:\Users\CoirRaincoat\PyCharmMiscProject\AIcontest\AI\audit\competition_review\remediation_g1\dataset\train\labels\20260116_fs_sjt_00946.txt
C:\Users\CoirRaincoat\PyCharmMiscProject\AIcontest\AI\audit\competition_review\remediation_g1\dataset\train\images\20260116_fs_sjt_00948.jpg,20260116_fs_sjt_00948.jpg,1,train,C:\Users\CoirRaincoat\PyCharmMiscProject\AIcontest\AI\audit\competition_review\remediation_g1\dataset\train\labels\20260116_fs_sjt_00948.txt
C:\Users\CoirRaincoat\PyCharmMiscProject\AIcontest\AI\audit\competition_review\remediation_g1\dataset\train\images\20260116_fs_sjt_00955.jpg,20260116_fs_sjt_00955.jpg,0,train,C:\Users\CoirRaincoat\PyCharmMiscProject\AIcontest\AI\audit\competition_review\remediation_g1\dataset\train\labels\20260116_fs_sjt_00955.txt
C:\Users\CoirRaincoat\PyCharmMiscProject\AIcontest\AI\audit\competition_review\remediation_g1\dataset\train\images\20260116_fs_sjt_00956.jpg,20260116_fs_sjt_00956.jpg,1,train,C:\Users\CoirRaincoat\PyCharmMiscProject\AIcontest\AI\audit\competition_review\remediation_g1\dataset\train\labels\20260116_fs_sjt_00956.txt
C:\Users\CoirRaincoat\PyCharmMiscProject\AIcontest\AI\audit\competition_review\remediation_g1\dataset\train\images\20260116_fs_sjt_00965.jpg,20260116_fs_sjt_00965.jpg,1,train,C:\Users\CoirRaincoat\PyCharmMiscProject\AIcontest\AI\audit\competition_review\remediation_g1\dataset\train\labels\20260116_fs_sjt_00965.txt
C:\Users\CoirRaincoat\PyCharmMiscProject\AIcontest\AI\audit\competition_review\remediation_g1\dataset\train\images\20260116_fs_sjt_00966.jpg,20260116_fs_sjt_00966.jpg,1,train,C:\Users\CoirRaincoat\PyCharmMiscProject\AIcontest\AI\audit\competition_review\remediation_g1\dataset\train\labels\20260116_fs_sjt_00966.txt
C:\Users\CoirRaincoat\PyCharmMiscProject\AIcontest\AI\audit\competition_review\remediation_g1\dataset\train\images\20260116_fs_sjt_00972.jpg,20260116_fs_sjt_00972.jpg,1,train,C:\Users\CoirRaincoat\PyCharmMiscProject\AIcontest\AI\audit\competition_review\remediation_g1\dataset\train\labels\20260116_fs_sjt_00972.txt
C:\Users\CoirRaincoat\PyCharmMiscProject\AIcontest\AI\audit\competition_review\remediation_g1\dataset\train\images\20260116_fs_sjt_00973.jpg,20260116_fs_sjt_00973.jpg,1,train,C:\Users\CoirRaincoat\PyCharmMiscProject\AIcontest\AI\audit\competition_review\remediation_g1\dataset\train\labels\20260116_fs_sjt_00973.txt
C:\Users\CoirRaincoat\PyCharmMiscProject\AIcontest\AI\audit\competition_review\remediation_g1\dataset\train\images\20260116_fs_sjt_00974.jpg,20260116_fs_sjt_00974.jpg,0,train,C:\Users\CoirRaincoat\PyCharmMiscProject\AIcontest\AI\audit\competition_review\remediation_g1\dataset\train\labels\20260116_fs_sjt_00974.txt
C:\Users\CoirRaincoat\PyCharmMiscProject\AIcontest\AI\audit\competition_review\remediation_g1\dataset\train\images\20260116_fs_sjt_00975.jpg,20260116_fs_sjt_00975.jpg,1,train,C:\Users\CoirRaincoat\PyCharmMiscProject\AIcontest\AI\audit\competition_review\remediation_g1\dataset\train\labels\20260116_fs_sjt_00975.txt
C:\Users\CoirRaincoat\PyCharmMiscProject\AIcontest\AI\audit\competition_review\remediation_g1\dataset\train\images\20260116_fs_sjt_00981.jpg,20260116_fs_sjt_00981.jpg,1,train,C:\Users\CoirRaincoat\PyCharmMiscProject\AIcontest\AI\audit\competition_review\remediation_g1\dataset\train\labels\20260116_fs_sjt_00981.txt
C:\Users\CoirRaincoat\PyCharmMiscProject\AIcontest\AI\audit\competition_review\remediation_g1\dataset\train\images\20260116_fs_sjt_00982.jpg,20260116_fs_sjt_00982.jpg,1,train,C:\Users\CoirRaincoat\PyCharmMiscProject\AIcontest\AI\audit\competition_review\remediation_g1\dataset\train\labels\20260116_fs_sjt_00982.txt
C:\Users\CoirRaincoat\PyCharmMiscProject\AIcontest\AI\audit\competition_review\remediation_g1\dataset\train\images\20260116_fs_sjt_00983.jpg,20260116_fs_sjt_00983.jpg,0,train,C:\Users\CoirRaincoat\PyCharmMiscProject\AIcontest\AI\audit\competition_review\remediation_g1\dataset\train\labels\20260116_fs_sjt_00983.txt
C:\Users\CoirRaincoat\PyCharmMiscProject\AIcontest\AI\audit\competition_review\remediation_g1\dataset\train\images\20260116_fs_sjt_00984.jpg,20260116_fs_sjt_00984.jpg,1,train,C:\Users\CoirRaincoat\PyCharmMiscProject\AIcontest\AI\audit\competition_review\remediation_g1\dataset\train\labels\20260116_fs_sjt_00984.txt
C:\Users\CoirRaincoat\PyCharmMiscProject\AIcontest\AI\audit\competition_review\remediation_g1\dataset\train\images\20260116_fs_sjt_00990.jpg,20260116_fs_sjt_00990.jpg,1,train,C:\Users\CoirRaincoat\PyCharmMiscProject\AIcontest\AI\audit\competition_review\remediation_g1\dataset\train\labels\20260116_fs_sjt_00990.txt
C:\Users\CoirRaincoat\PyCharmMiscProject\AIcontest\AI\audit\competition_review\remediation_g1\dataset\train\images\20260116_fs_sjt_00991.jpg,20260116_fs_sjt_00991.jpg,0,train,C:\Users\CoirRaincoat\PyCharmMiscProject\AIcontest\AI\audit\competition_review\remediation_g1\dataset\train\labels\20260116_fs_sjt_00991.txt
C:\Users\CoirRaincoat\PyCharmMiscProject\AIcontest\AI\audit\competition_review\remediation_g1\dataset\train\images\20260116_fs_sjt_00992.jpg,20260116_fs_sjt_00992.jpg,1,train,C:\Users\CoirRaincoat\PyCharmMiscProject\AIcontest\AI\audit\competition_review\remediation_g1\dataset\train\labels\20260116_fs_sjt_00992.txt
C:\Users\CoirRaincoat\PyCharmMiscProject\AIcontest\AI\audit\competition_review\remediation_g1\dataset\train\images\20260116_fs_sjt_00993.jpg,20260116_fs_sjt_00993.jpg,1,train,C:\Users\CoirRaincoat\PyCharmMiscProject\AIcontest\AI\audit\competition_review\remediation_g1\dataset\train\labels\20260116_fs_sjt_00993.txt
C:\Users\CoirRaincoat\PyCharmMiscProject\AIcontest\AI\audit\competition_review\remediation_g1\dataset\train\images\20260116_fs_sjt_00999.jpg,20260116_fs_sjt_00999.jpg,1,train,C:\Users\CoirRaincoat\PyCharmMiscProject\AIcontest\AI\audit\competition_review\remediation_g1\dataset\train\labels\20260116_fs_sjt_00999.txt
C:\Users\CoirRaincoat\PyCharmMiscProject\AIcontest\AI\audit\competition_review\remediation_g1\dataset\train\images\20260116_fs_sjt_01000.jpg,20260116_fs_sjt_01000.jpg,0,train,C:\Users\CoirRaincoat\PyCharmMiscProject\AIcontest\AI\audit\competition_review\remediation_g1\dataset\train\labels\20260116_fs_sjt_01000.txt
C:\Users\CoirRaincoat\PyCharmMiscProject\AIcontest\AI\audit\competition_review\remediation_g1\dataset\train\images\20260116_fs_sjt_01008.jpg,20260116_fs_sjt_01008.jpg,1,train,C:\Users\CoirRaincoat\PyCharmMiscProject\AIcontest\AI\audit\competition_review\remediation_g1\dataset\train\labels\20260116_fs_sjt_01008.txt
C:\Users\CoirRaincoat\PyCharmMiscProject\AIcontest\AI\audit\competition_review\remediation_g1\dataset\train\images\20260116_fs_sjt_01010.jpg,20260116_fs_sjt_01010.jpg,0,train,C:\Users\CoirRaincoat\PyCharmMiscProject\AIcontest\AI\audit\competition_review\remediation_g1\dataset\train\labels\20260116_fs_sjt_01010.txt
C:\Users\CoirRaincoat\PyCharmMiscProject\AIcontest\AI\audit\competition_review\remediation_g1\dataset\train\images\20260116_fs_sjt_01011.jpg,20260116_fs_sjt_01011.jpg,1,train,C:\Users\CoirRaincoat\PyCharmMiscProject\AIcontest\AI\audit\competition_review\remediation_g1\dataset\train\labels\20260116_fs_sjt_01011.txt
C:\Users\CoirRaincoat\PyCharmMiscProject\AIcontest\AI\audit\competition_review\remediation_g1\dataset\train\images\20260116_fs_sjt_01017.jpg,20260116_fs_sjt_01017.jpg,1,train,C:\Users\CoirRaincoat\PyCharmMiscProject\AIcontest\AI\audit\competition_review\remediation_g1\dataset\train\labels\20260116_fs_sjt_01017.txt
C:\Users\CoirRaincoat\PyCharmMiscProject\AIcontest\AI\audit\competition_review\remediation_g1\dataset\train\images\20260116_fs_sjt_01018.jpg,20260116_fs_sjt_01018.jpg,1,train,C:\Users\CoirRaincoat\PyCharmMiscProject\AIcontest\AI\audit\competition_review\remediation_g1\dataset\train\labels\20260116_fs_sjt_01018.txt
C:\Users\CoirRaincoat\PyCharmMiscProject\AIcontest\AI\audit\competition_review\remediation_g1\dataset\train\images\20260116_fs_sjt_01019.jpg,20260116_fs_sjt_01019.jpg,0,train,C:\Users\CoirRaincoat\PyCharmMiscProject\AIcontest\AI\audit\competition_review\remediation_g1\dataset\train\labels\20260116_fs_sjt_01019.txt
C:\Users\CoirRaincoat\PyCharmMiscProject\AIcontest\AI\audit\competition_review\remediation_g1\dataset\train\images\20260116_fs_sjt_01020.jpg,20260116_fs_sjt_01020.jpg,1,train,C:\Users\CoirRaincoat\PyCharmMiscProject\AIcontest\AI\audit\competition_review\remediation_g1\dataset\train\labels\20260116_fs_sjt_01020.txt
C:\Users\CoirRaincoat\PyCharmMiscProject\AIcontest\AI\audit\competition_review\remediation_g1\dataset\train\images\20260116_fs_sjt_01027.jpg,20260116_fs_sjt_01027.jpg,0,train,C:\Users\CoirRaincoat\PyCharmMiscProject\AIcontest\AI\audit\competition_review\remediation_g1\dataset\train\labels\20260116_fs_sjt_01027.txt
C:\Users\CoirRaincoat\PyCharmMiscProject\AIcontest\AI\audit\competition_review\remediation_g1\dataset\train\images\20260116_fs_sjt_01029.jpg,20260116_fs_sjt_01029.jpg,1,train,C:\Users\CoirRaincoat\PyCharmMiscProject\AIcontest\AI\audit\competition_review\remediation_g1\dataset\train\labels\20260116_fs_sjt_01029.txt
C:\Users\CoirRaincoat\PyCharmMiscProject\AIcontest\AI\audit\competition_review\remediation_g1\dataset\train\images\20260116_fs_sjt_01035.jpg,20260116_fs_sjt_01035.jpg,1,train,C:\Users\CoirRaincoat\PyCharmMiscProject\AIcontest\AI\audit\competition_review\remediation_g1\dataset\train\labels\20260116_fs_sjt_01035.txt
C:\Users\CoirRaincoat\PyCharmMiscProject\AIcontest\AI\audit\competition_review\remediation_g1\dataset\train\images\20260116_fs_sjt_01036.jpg,20260116_fs_sjt_01036.jpg,1,train,C:\Users\CoirRaincoat\PyCharmMiscProject\AIcontest\AI\audit\competition_review\remediation_g1\dataset\train\labels\20260116_fs_sjt_01036.txt
C:\Users\CoirRaincoat\PyCharmMiscProject\AIcontest\AI\audit\competition_review\remediation_g1\dataset\train\images\20260116_fs_sjt_01037.jpg,20260116_fs_sjt_01037.jpg,1,train,C:\Users\CoirRaincoat\PyCharmMiscProject\AIcontest\AI\audit\competition_review\remediation_g1\dataset\train\labels\20260116_fs_sjt_01037.txt
C:\Users\CoirRaincoat\PyCharmMiscProject\AIcontest\AI\audit\competition_review\remediation_g1\dataset\train\images\20260116_fs_sjt_01044.jpg,20260116_fs_sjt_01044.jpg,0,train,C:\Users\CoirRaincoat\PyCharmMiscProject\AIcontest\AI\audit\competition_review\remediation_g1\dataset\train\labels\20260116_fs_sjt_01044.txt
C:\Users\CoirRaincoat\PyCharmMiscProject\AIcontest\AI\audit\competition_review\remediation_g1\dataset\train\images\20260116_fs_sjt_01045.jpg,20260116_fs_sjt_01045.jpg,1,train,C:\Users\CoirRaincoat\PyCharmMiscProject\AIcontest\AI\audit\competition_review\remediation_g1\dataset\train\labels\20260116_fs_sjt_01045.txt
C:\Users\CoirRaincoat\PyCharmMiscProject\AIcontest\AI\audit\competition_review\remediation_g1\dataset\train\images\20260116_fs_sjt_01047.jpg,20260116_fs_sjt_01047.jpg,0,train,C:\Users\CoirRaincoat\PyCharmMiscProject\AIcontest\AI\audit\competition_review\remediation_g1\dataset\train\labels\20260116_fs_sjt_01047.txt
C:\Users\CoirRaincoat\PyCharmMiscProject\AIcontest\AI\audit\competition_review\remediation_g1\dataset\train\images\20260116_fs_sjt_01055.jpg,20260116_fs_sjt_01055.jpg,1,train,C:\Users\CoirRaincoat\PyCharmMiscProject\AIcontest\AI\audit\competition_review\remediation_g1\dataset\train\labels\20260116_fs_sjt_01055.txt
C:\Users\CoirRaincoat\PyCharmMiscProject\AIcontest\AI\audit\competition_review\remediation_g1\dataset\train\images\20260116_fs_sjt_01056.jpg,20260116_fs_sjt_01056.jpg,1,train,C:\Users\CoirRaincoat\PyCharmMiscProject\AIcontest\AI\audit\competition_review\remediation_g1\dataset\train\labels\20260116_fs_sjt_01056.txt
C:\Users\CoirRaincoat\PyCharmMiscProject\AIcontest\AI\audit\competition_review\remediation_g1\dataset\train\images\20260116_fs_sjt_01063.jpg,20260116_fs_sjt_01063.jpg,1,train,C:\Users\CoirRaincoat\PyCharmMiscProject\AIcontest\AI\audit\competition_review\remediation_g1\dataset\train\labels\20260116_fs_sjt_01063.txt
C:\Users\CoirRaincoat\PyCharmMiscProject\AIcontest\AI\audit\competition_review\remediation_g1\dataset\train\images\20260116_fs_sjt_01064.jpg,20260116_fs_sjt_01064.jpg,1,train,C:\Users\CoirRaincoat\PyCharmMiscProject\AIcontest\AI\audit\competition_review\remediation_g1\dataset\train\labels\20260116_fs_sjt_01064.txt
C:\Users\CoirRaincoat\PyCharmMiscProject\AIcontest\AI\audit\competition_review\remediation_g1\dataset\train\images\20260116_fs_sjt_01071.jpg,20260116_fs_sjt_01071.jpg,1,train,C:\Users\CoirRaincoat\PyCharmMiscProject\AIcontest\AI\audit\competition_review\remediation_g1\dataset\train\labels\20260116_fs_sjt_01071.txt
C:\Users\CoirRaincoat\PyCharmMiscProject\AIcontest\AI\audit\competition_review\remediation_g1\dataset\train\images\20260116_fs_sjt_01073.jpg,20260116_fs_sjt_01073.jpg,1,train,C:\Users\CoirRaincoat\PyCharmMiscProject\AIcontest\AI\audit\competition_review\remediation_g1\dataset\train\labels\20260116_fs_sjt_01073.txt
C:\Users\CoirRaincoat\PyCharmMiscProject\AIcontest\AI\audit\competition_review\remediation_g1\dataset\train\images\20260116_fs_sjt_01074.jpg,20260116_fs_sjt_01074.jpg,1,train,C:\Users\CoirRaincoat\PyCharmMiscProject\AIcontest\AI\audit\competition_review\remediation_g1\dataset\train\labels\20260116_fs_sjt_01074.txt
C:\Users\CoirRaincoat\PyCharmMiscProject\AIcontest\AI\audit\competition_review\remediation_g1\dataset\train\images\20260116_fs_sjt_01080.jpg,20260116_fs_sjt_01080.jpg,1,train,C:\Users\CoirRaincoat\PyCharmMiscProject\AIcontest\AI\audit\competition_review\remediation_g1\dataset\train\labels\20260116_fs_sjt_01080.txt
C:\Users\CoirRaincoat\PyCharmMiscProject\AIcontest\AI\audit\competition_review\remediation_g1\dataset\train\images\20260116_fs_sjt_01081.jpg,20260116_fs_sjt_01081.jpg,1,train,C:\Users\CoirRaincoat\PyCharmMiscProject\AIcontest\AI\audit\competition_review\remediation_g1\dataset\train\labels\20260116_fs_sjt_01081.txt
C:\Users\CoirRaincoat\PyCharmMiscProject\AIcontest\AI\audit\competition_review\remediation_g1\dataset\train\images\20260116_fs_sjt_01083.jpg,20260116_fs_sjt_01083.jpg,0,train,C:\Users\CoirRaincoat\PyCharmMiscProject\AIcontest\AI\audit\competition_review\remediation_g1\dataset\train\labels\20260116_fs_sjt_01083.txt
C:\Users\CoirRaincoat\PyCharmMiscProject\AIcontest\AI\audit\competition_review\remediation_g1\dataset\train\images\20260116_fs_sjt_01090.jpg,20260116_fs_sjt_01090.jpg,1,train,C:\Users\CoirRaincoat\PyCharmMiscProject\AIcontest\AI\audit\competition_review\remediation_g1\dataset\train\labels\20260116_fs_sjt_01090.txt
C:\Users\CoirRaincoat\PyCharmMiscProject\AIcontest\AI\audit\competition_review\remediation_g1\dataset\train\images\20260116_fs_sjt_01091.jpg,20260116_fs_sjt_01091.jpg,0,train,C:\Users\CoirRaincoat\PyCharmMiscProject\AIcontest\AI\audit\competition_review\remediation_g1\dataset\train\labels\20260116_fs_sjt_01091.txt
C:\Users\CoirRaincoat\PyCharmMiscProject\AIcontest\AI\audit\competition_review\remediation_g1\dataset\train\images\20260116_fs_sjt_01092.jpg,20260116_fs_sjt_01092.jpg,1,train,C:\Users\CoirRaincoat\PyCharmMiscProject\AIcontest\AI\audit\competition_review\remediation_g1\dataset\train\labels\20260116_fs_sjt_01092.txt
C:\Users\CoirRaincoat\PyCharmMiscProject\AIcontest\AI\audit\competition_review\remediation_g1\dataset\train\images\20260320_sjt_fs_1555.jpg,20260320_sjt_fs_1555.jpg,0,train,C:\Users\CoirRaincoat\PyCharmMiscProject\AIcontest\AI\audit\competition_review\remediation_g1\dataset\train\labels\20260320_sjt_fs_1555.txt
C:\Users\CoirRaincoat\PyCharmMiscProject\AIcontest\AI\audit\competition_review\remediation_g1\dataset\train\images\20260320_sjt_fs_1649.jpg,20260320_sjt_fs_1649.jpg,1,train,C:\Users\CoirRaincoat\PyCharmMiscProject\AIcontest\AI\audit\competition_review\remediation_g1\dataset\train\labels\20260320_sjt_fs_1649.txt
C:\Users\CoirRaincoat\PyCharmMiscProject\AIcontest\AI\audit\competition_review\remediation_g1\dataset\train\images\20260320_sjt_fs_1650.jpg,20260320_sjt_fs_1650.jpg,1,train,C:\Users\CoirRaincoat\PyCharmMiscProject\AIcontest\AI\audit\competition_review\remediation_g1\dataset\train\labels\20260320_sjt_fs_1650.txt
C:\Users\CoirRaincoat\PyCharmMiscProject\AIcontest\AI\audit\competition_review\remediation_g1\dataset\train\images\20260320_sjt_fs_1651.jpg,20260320_sjt_fs_1651.jpg,1,train,C:\Users\CoirRaincoat\PyCharmMiscProject\AIcontest\AI\audit\competition_review\remediation_g1\dataset\train\labels\20260320_sjt_fs_1651.txt
C:\Users\CoirRaincoat\PyCharmMiscProject\AIcontest\AI\audit\competition_review\remediation_g1\dataset\train\images\20260320_sjt_fs_1661.jpg,20260320_sjt_fs_1661.jpg,1,train,C:\Users\CoirRaincoat\PyCharmMiscProject\AIcontest\AI\audit\competition_review\remediation_g1\dataset\train\labels\20260320_sjt_fs_1661.txt
C:\Users\CoirRaincoat\PyCharmMiscProject\AIcontest\AI\audit\competition_review\remediation_g1\dataset\train\images\20260320_sjt_fs_1662.jpg,20260320_sjt_fs_1662.jpg,1,train,C:\Users\CoirRaincoat\PyCharmMiscProject\AIcontest\AI\audit\competition_review\remediation_g1\dataset\train\labels\20260320_sjt_fs_1662.txt
C:\Users\CoirRaincoat\PyCharmMiscProject\AIcontest\AI\audit\competition_review\remediation_g1\dataset\train\images\20260320_sjt_fs_1663.jpg,20260320_sjt_fs_1663.jpg,1,train,C:\Users\CoirRaincoat\PyCharmMiscProject\AIcontest\AI\audit\competition_review\remediation_g1\dataset\train\labels\20260320_sjt_fs_1663.txt
C:\Users\CoirRaincoat\PyCharmMiscProject\AIcontest\AI\audit\competition_review\remediation_g1\dataset\train\images\20260320_sjt_fs_1673.jpg,20260320_sjt_fs_1673.jpg,1,train,C:\Users\CoirRaincoat\PyCharmMiscProject\AIcontest\AI\audit\competition_review\remediation_g1\dataset\train\labels\20260320_sjt_fs_1673.txt
C:\Users\CoirRaincoat\PyCharmMiscProject\AIcontest\AI\audit\competition_review\remediation_g1\dataset\train\images\20260320_sjt_fs_1674.jpg,20260320_sjt_fs_1674.jpg,1,train,C:\Users\CoirRaincoat\PyCharmMiscProject\AIcontest\AI\audit\competition_review\remediation_g1\dataset\train\labels\20260320_sjt_fs_1674.txt
C:\Users\CoirRaincoat\PyCharmMiscProject\AIcontest\AI\audit\competition_review\remediation_g1\dataset\train\images\20260320_sjt_fs_1682.jpg,20260320_sjt_fs_1682.jpg,1,train,C:\Users\CoirRaincoat\PyCharmMiscProject\AIcontest\AI\audit\competition_review\remediation_g1\dataset\train\labels\20260320_sjt_fs_1682.txt
C:\Users\CoirRaincoat\PyCharmMiscProject\AIcontest\AI\audit\competition_review\remediation_g1\dataset\train\images\20260320_sjt_fs_1683.jpg,20260320_sjt_fs_1683.jpg,1,train,C:\Users\CoirRaincoat\PyCharmMiscProject\AIcontest\AI\audit\competition_review\remediation_g1\dataset\train\labels\20260320_sjt_fs_1683.txt
C:\Users\CoirRaincoat\PyCharmMiscProject\AIcontest\AI\audit\competition_review\remediation_g1\dataset\train\images\20260320_sjt_fs_1684.jpg,20260320_sjt_fs_1684.jpg,1,train,C:\Users\CoirRaincoat\PyCharmMiscProject\AIcontest\AI\audit\competition_review\remediation_g1\dataset\train\labels\20260320_sjt_fs_1684.txt
C:\Users\CoirRaincoat\PyCharmMiscProject\AIcontest\AI\audit\competition_review\remediation_g1\dataset\train\images\20260320_sjt_fs_1685.jpg,20260320_sjt_fs_1685.jpg,1,train,C:\Users\CoirRaincoat\PyCharmMiscProject\AIcontest\AI\audit\competition_review\remediation_g1\dataset\train\labels\20260320_sjt_fs_1685.txt
C:\Users\CoirRaincoat\PyCharmMiscProject\AIcontest\AI\audit\competition_review\remediation_g1\dataset\train\images\20260320_sjt_fs_1694.jpg,20260320_sjt_fs_1694.jpg,1,train,C:\Users\CoirRaincoat\PyCharmMiscProject\AIcontest\AI\audit\competition_review\remediation_g1\dataset\train\labels\20260320_sjt_fs_1694.txt
C:\Users\CoirRaincoat\PyCharmMiscProject\AIcontest\AI\audit\competition_review\remediation_g1\dataset\train\images\20260320_sjt_fs_1706.jpg,20260320_sjt_fs_1706.jpg,1,train,C:\Users\CoirRaincoat\PyCharmMiscProject\AIcontest\AI\audit\competition_review\remediation_g1\dataset\train\labels\20260320_sjt_fs_1706.txt
C:\Users\CoirRaincoat\PyCharmMiscProject\AIcontest\AI\audit\competition_review\remediation_g1\dataset\train\images\20260320_sjt_fs_1707.jpg,20260320_sjt_fs_1707.jpg,1,train,C:\Users\CoirRaincoat\PyCharmMiscProject\AIcontest\AI\audit\competition_review\remediation_g1\dataset\train\labels\20260320_sjt_fs_1707.txt
C:\Users\CoirRaincoat\PyCharmMiscProject\AIcontest\AI\audit\competition_review\remediation_g1\dataset\train\images\20260320_sjt_fs_1708.jpg,20260320_sjt_fs_1708.jpg,1,train,C:\Users\CoirRaincoat\PyCharmMiscProject\AIcontest\AI\audit\competition_review\remediation_g1\dataset\train\labels\20260320_sjt_fs_1708.txt
C:\Users\CoirRaincoat\PyCharmMiscProject\AIcontest\AI\audit\competition_review\remediation_g1\dataset\train\images\20260320_sjt_fs_1710.jpg,20260320_sjt_fs_1710.jpg,1,train,C:\Users\CoirRaincoat\PyCharmMiscProject\AIcontest\AI\audit\competition_review\remediation_g1\dataset\train\labels\20260320_sjt_fs_1710.txt
C:\Users\CoirRaincoat\PyCharmMiscProject\AIcontest\AI\audit\competition_review\remediation_g1\dataset\train\images\20260320_sjt_fs_1716.jpg,20260320_sjt_fs_1716.jpg,1,train,C:\Users\CoirRaincoat\PyCharmMiscProject\AIcontest\AI\audit\competition_review\remediation_g1\dataset\train\labels\20260320_sjt_fs_1716.txt
C:\Users\CoirRaincoat\PyCharmMiscProject\AIcontest\AI\audit\competition_review\remediation_g1\dataset\train\images\20260320_sjt_fs_1939.jpg,20260320_sjt_fs_1939.jpg,1,train,C:\Users\CoirRaincoat\PyCharmMiscProject\AIcontest\AI\audit\competition_review\remediation_g1\dataset\train\labels\20260320_sjt_fs_1939.txt
C:\Users\CoirRaincoat\PyCharmMiscProject\AIcontest\AI\audit\competition_review\remediation_g1\dataset\train\images\20260320_sjt_fs_1940.jpg,20260320_sjt_fs_1940.jpg,1,train,C:\Users\CoirRaincoat\PyCharmMiscProject\AIcontest\AI\audit\competition_review\remediation_g1\dataset\train\labels\20260320_sjt_fs_1940.txt
C:\Users\CoirRaincoat\PyCharmMiscProject\AIcontest\AI\audit\competition_review\remediation_g1\dataset\train\images\20260320_sjt_fs_1950.jpg,20260320_sjt_fs_1950.jpg,1,train,C:\Users\CoirRaincoat\PyCharmMiscProject\AIcontest\AI\audit\competition_review\remediation_g1\dataset\train\labels\20260320_sjt_fs_1950.txt
C:\Users\CoirRaincoat\PyCharmMiscProject\AIcontest\AI\audit\competition_review\remediation_g1\dataset\train\images\20260320_sjt_fs_1951.jpg,20260320_sjt_fs_1951.jpg,1,train,C:\Users\CoirRaincoat\PyCharmMiscProject\AIcontest\AI\audit\competition_review\remediation_g1\dataset\train\labels\20260320_sjt_fs_1951.txt
C:\Users\CoirRaincoat\PyCharmMiscProject\AIcontest\AI\audit\competition_review\remediation_g1\dataset\train\images\20260320_sjt_fs_1954.jpg,20260320_sjt_fs_1954.jpg,1,train,C:\Users\CoirRaincoat\PyCharmMiscProject\AIcontest\AI\audit\competition_review\remediation_g1\dataset\train\labels\20260320_sjt_fs_1954.txt
C:\Users\CoirRaincoat\PyCharmMiscProject\AIcontest\AI\audit\competition_review\remediation_g1\dataset\train\images\20260320_sjt_fs_1960.jpg,20260320_sjt_fs_1960.jpg,1,train,C:\Users\CoirRaincoat\PyCharmMiscProject\AIcontest\AI\audit\competition_review\remediation_g1\dataset\train\labels\20260320_sjt_fs_1960.txt
C:\Users\CoirRaincoat\PyCharmMiscProject\AIcontest\AI\audit\competition_review\remediation_g1\dataset\train\images\20260320_sjt_fs_1961.jpg,20260320_sjt_fs_1961.jpg,1,train,C:\Users\CoirRaincoat\PyCharmMiscProject\AIcontest\AI\audit\competition_review\remediation_g1\dataset\train\labels\20260320_sjt_fs_1961.txt
C:\Users\CoirRaincoat\PyCharmMiscProject\AIcontest\AI\audit\competition_review\remediation_g1\dataset\train\images\20260320_sjt_fs_1962.jpg,20260320_sjt_fs_1962.jpg,1,train,C:\Users\CoirRaincoat\PyCharmMiscProject\AIcontest\AI\audit\competition_review\remediation_g1\dataset\train\labels\20260320_sjt_fs_1962.txt
C:\Users\CoirRaincoat\PyCharmMiscProject\AIcontest\AI\audit\competition_review\remediation_g1\dataset\train\images\20260320_sjt_fs_1972.jpg,20260320_sjt_fs_1972.jpg,0,train,C:\Users\CoirRaincoat\PyCharmMiscProject\AIcontest\AI\audit\competition_review\remediation_g1\dataset\train\labels\20260320_sjt_fs_1972.txt
C:\Users\CoirRaincoat\PyCharmMiscProject\AIcontest\AI\audit\competition_review\remediation_g1\dataset\train\images\20260320_sjt_fs_1979.jpg,20260320_sjt_fs_1979.jpg,1,train,C:\Users\CoirRaincoat\PyCharmMiscProject\AIcontest\AI\audit\competition_review\remediation_g1\dataset\train\labels\20260320_sjt_fs_1979.txt
C:\Users\CoirRaincoat\PyCharmMiscProject\AIcontest\AI\audit\competition_review\remediation_g1\dataset\train\images\20260320_sjt_fs_1980.jpg,20260320_sjt_fs_1980.jpg,1,train,C:\Users\CoirRaincoat\PyCharmMiscProject\AIcontest\AI\audit\competition_review\remediation_g1\dataset\train\labels\20260320_sjt_fs_1980.txt
C:\Users\CoirRaincoat\PyCharmMiscProject\AIcontest\AI\audit\competition_review\remediation_g1\dataset\train\images\20260320_sjt_fs_1981.jpg,20260320_sjt_fs_1981.jpg,1,train,C:\Users\CoirRaincoat\PyCharmMiscProject\AIcontest\AI\audit\competition_review\remediation_g1\dataset\train\labels\20260320_sjt_fs_1981.txt
C:\Users\CoirRaincoat\PyCharmMiscProject\AIcontest\AI\audit\competition_review\remediation_g1\dataset\train\images\20260320_sjt_fs_1982.jpg,20260320_sjt_fs_1982.jpg,0,train,C:\Users\CoirRaincoat\PyCharmMiscProject\AIcontest\AI\audit\competition_review\remediation_g1\dataset\train\labels\20260320_sjt_fs_1982.txt
C:\Users\CoirRaincoat\PyCharmMiscProject\AIcontest\AI\audit\competition_review\remediation_g1\dataset\train\images\raw_fire_relabel_dp_20327.jpg,raw_fire_relabel_dp_20327.jpg,1,train,C:\Users\CoirRaincoat\PyCharmMiscProject\AIcontest\AI\audit\competition_review\remediation_g1\dataset\train\labels\raw_fire_relabel_dp_20327.txt
C:\Users\CoirRaincoat\PyCharmMiscProject\AIcontest\AI\audit\competition_review\remediation_g1\dataset\train\images\raw_fire_relabel_dp_20328.jpg,raw_fire_relabel_dp_20328.jpg,1,train,C:\Users\CoirRaincoat\PyCharmMiscProject\AIcontest\AI\audit\competition_review\remediation_g1\dataset\train\labels\raw_fire_relabel_dp_20328.txt
C:\Users\CoirRaincoat\PyCharmMiscProject\AIcontest\AI\audit\competition_review\remediation_g1\dataset\train\images\raw_fire_relabel_dp_20329.jpg,raw_fire_relabel_dp_20329.jpg,1,train,C:\Users\CoirRaincoat\PyCharmMiscProject\AIcontest\AI\audit\competition_review\remediation_g1\dataset\train\labels\raw_fire_relabel_dp_20329.txt
C:\Users\CoirRaincoat\PyCharmMiscProject\AIcontest\AI\audit\competition_review\remediation_g1\dataset\train\images\raw_fire_relabel_dp_20331.jpg,raw_fire_relabel_dp_20331.jpg,1,train,C:\Users\CoirRaincoat\PyCharmMiscProject\AIcontest\AI\audit\competition_review\remediation_g1\dataset\train\labels\raw_fire_relabel_dp_20331.txt
C:\Users\CoirRaincoat\PyCharmMiscProject\AIcontest\AI\audit\competition_review\remediation_g1\dataset\train\images\raw_fire_relabel_dp_20335.jpg,raw_fire_relabel_dp_20335.jpg,1,train,C:\Users\CoirRaincoat\PyCharmMiscProject\AIcontest\AI\audit\competition_review\remediation_g1\dataset\train\labels\raw_fire_relabel_dp_20335.txt
C:\Users\CoirRaincoat\PyCharmMiscProject\AIcontest\AI\audit\competition_review\remediation_g1\dataset\train\images\raw_fire_relabel_dp_20354.jpg,raw_fire_relabel_dp_20354.jpg,1,train,C:\Users\CoirRaincoat\PyCharmMiscProject\AIcontest\AI\audit\competition_review\remediation_g1\dataset\train\labels\raw_fire_relabel_dp_20354.txt
C:\Users\CoirRaincoat\PyCharmMiscProject\AIcontest\AI\audit\competition_review\remediation_g1\dataset\train\images\raw_fire_relabel_dp_20355.jpg,raw_fire_relabel_dp_20355.jpg,1,train,C:\Users\CoirRaincoat\PyCharmMiscProject\AIcontest\AI\audit\competition_review\remediation_g1\dataset\train\labels\raw_fire_relabel_dp_20355.txt
C:\Users\CoirRaincoat\PyCharmMiscProject\AIcontest\AI\audit\competition_review\remediation_g1\dataset\train\images\raw_fire_relabel_dp_20356.jpg,raw_fire_relabel_dp_20356.jpg,1,train,C:\Users\CoirRaincoat\PyCharmMiscProject\AIcontest\AI\audit\competition_review\remediation_g1\dataset\train\labels\raw_fire_relabel_dp_20356.txt
C:\Users\CoirRaincoat\PyCharmMiscProject\AIcontest\AI\audit\competition_review\remediation_g1\dataset\train\images\raw_fire_relabel_dp_20357.jpg,raw_fire_relabel_dp_20357.jpg,1,train,C:\Users\CoirRaincoat\PyCharmMiscProject\AIcontest\AI\audit\competition_review\remediation_g1\dataset\train\labels\raw_fire_relabel_dp_20357.txt
C:\Users\CoirRaincoat\PyCharmMiscProject\AIcontest\AI\audit\competition_review\remediation_g1\dataset\train\images\raw_fire_relabel_dp_20358.jpg,raw_fire_relabel_dp_20358.jpg,1,train,C:\Users\CoirRaincoat\PyCharmMiscProject\AIcontest\AI\audit\competition_review\remediation_g1\dataset\train\labels\raw_fire_relabel_dp_20358.txt
C:\Users\CoirRaincoat\PyCharmMiscProject\AIcontest\AI\audit\competition_review\remediation_g1\dataset\train\images\raw_fire_relabel_dp_20360.jpg,raw_fire_relabel_dp_20360.jpg,1,train,C:\Users\CoirRaincoat\PyCharmMiscProject\AIcontest\AI\audit\competition_review\remediation_g1\dataset\train\labels\raw_fire_relabel_dp_20360.txt
C:\Users\CoirRaincoat\PyCharmMiscProject\AIcontest\AI\audit\competition_review\remediation_g1\dataset\train\images\raw_fire_relabel_dp_20362.jpg,raw_fire_relabel_dp_20362.jpg,1,train,C:\Users\CoirRaincoat\PyCharmMiscProject\AIcontest\AI\audit\competition_review\remediation_g1\dataset\train\labels\raw_fire_relabel_dp_20362.txt
C:\Users\CoirRaincoat\PyCharmMiscProject\AIcontest\AI\audit\competition_review\remediation_g1\dataset\train\images\raw_fire_relabel_dp_20363.jpg,raw_fire_relabel_dp_20363.jpg,1,train,C:\Users\CoirRaincoat\PyCharmMiscProject\AIcontest\AI\audit\competition_review\remediation_g1\dataset\train\labels\raw_fire_relabel_dp_20363.txt
C:\Users\CoirRaincoat\PyCharmMiscProject\AIcontest\AI\audit\competition_review\remediation_g1\dataset\train\images\raw_fire_relabel_dp_20364.jpg,raw_fire_relabel_dp_20364.jpg,1,train,C:\Users\CoirRaincoat\PyCharmMiscProject\AIcontest\AI\audit\competition_review\remediation_g1\dataset\train\labels\raw_fire_relabel_dp_20364.txt
C:\Users\CoirRaincoat\PyCharmMiscProject\AIcontest\AI\audit\competition_review\remediation_g1\dataset\train\images\raw_fire_relabel_dp_20365.jpg,raw_fire_relabel_dp_20365.jpg,1,train,C:\Users\CoirRaincoat\PyCharmMiscProject\AIcontest\AI\audit\competition_review\remediation_g1\dataset\train\labels\raw_fire_relabel_dp_20365.txt
C:\Users\CoirRaincoat\PyCharmMiscProject\AIcontest\AI\audit\competition_review\remediation_g1\dataset\train\images\raw_fire_relabel_dp_20366.jpg,raw_fire_relabel_dp_20366.jpg,1,train,C:\Users\CoirRaincoat\PyCharmMiscProject\AIcontest\AI\audit\competition_review\remediation_g1\dataset\train\labels\raw_fire_relabel_dp_20366.txt
C:\Users\CoirRaincoat\PyCharmMiscProject\AIcontest\AI\audit\competition_review\remediation_g1\dataset\train\images\raw_fire_relabel_dp_20367.jpg,raw_fire_relabel_dp_20367.jpg,0,train,C:\Users\CoirRaincoat\PyCharmMiscProject\AIcontest\AI\audit\competition_review\remediation_g1\dataset\train\labels\raw_fire_relabel_dp_20367.txt
C:\Users\CoirRaincoat\PyCharmMiscProject\AIcontest\AI\audit\competition_review\remediation_g1\dataset\train\images\raw_fire_relabel_dp_20368.jpg,raw_fire_relabel_dp_20368.jpg,1,train,C:\Users\CoirRaincoat\PyCharmMiscProject\AIcontest\AI\audit\competition_review\remediation_g1\dataset\train\labels\raw_fire_relabel_dp_20368.txt
C:\Users\CoirRaincoat\PyCharmMiscProject\AIcontest\AI\audit\competition_review\remediation_g1\dataset\train\images\raw_fire_relabel_dp_20369.jpg,raw_fire_relabel_dp_20369.jpg,1,train,C:\Users\CoirRaincoat\PyCharmMiscProject\AIcontest\AI\audit\competition_review\remediation_g1\dataset\train\labels\raw_fire_relabel_dp_20369.txt
C:\Users\CoirRaincoat\PyCharmMiscProject\AIcontest\AI\audit\competition_review\remediation_g1\dataset\train\images\raw_fire_relabel_dp_20370.jpg,raw_fire_relabel_dp_20370.jpg,1,train,C:\Users\CoirRaincoat\PyCharmMiscProject\AIcontest\AI\audit\competition_review\remediation_g1\dataset\train\labels\raw_fire_relabel_dp_20370.txt
C:\Users\CoirRaincoat\PyCharmMiscProject\AIcontest\AI\audit\competition_review\remediation_g1\dataset\train\images\raw_fire_relabel_dp_20371.jpg,raw_fire_relabel_dp_20371.jpg,1,train,C:\Users\CoirRaincoat\PyCharmMiscProject\AIcontest\AI\audit\competition_review\remediation_g1\dataset\train\labels\raw_fire_relabel_dp_20371.txt
C:\Users\CoirRaincoat\PyCharmMiscProject\AIcontest\AI\audit\competition_review\remediation_g1\dataset\train\images\raw_fire_relabel_dp_20372.jpg,raw_fire_relabel_dp_20372.jpg,1,train,C:\Users\CoirRaincoat\PyCharmMiscProject\AIcontest\AI\audit\competition_review\remediation_g1\dataset\train\labels\raw_fire_relabel_dp_20372.txt
C:\Users\CoirRaincoat\PyCharmMiscProject\AIcontest\AI\audit\competition_review\remediation_g1\dataset\train\images\raw_fire_relabel_dp_20373.jpg,raw_fire_relabel_dp_20373.jpg,1,train,C:\Users\CoirRaincoat\PyCharmMiscProject\AIcontest\AI\audit\competition_review\remediation_g1\dataset\train\labels\raw_fire_relabel_dp_20373.txt
C:\Users\CoirRaincoat\PyCharmMiscProject\AIcontest\AI\audit\competition_review\remediation_g1\dataset\train\images\raw_fire_relabel_dp_20374.jpg,raw_fire_relabel_dp_20374.jpg,1,train,C:\Users\CoirRaincoat\PyCharmMiscProject\AIcontest\AI\audit\competition_review\remediation_g1\dataset\train\labels\raw_fire_relabel_dp_20374.txt
C:\Users\CoirRaincoat\PyCharmMiscProject\AIcontest\AI\audit\competition_review\remediation_g1\dataset\train\images\raw_fire_relabel_dp_20375.jpg,raw_fire_relabel_dp_20375.jpg,1,train,C:\Users\CoirRaincoat\PyCharmMiscProject\AIcontest\AI\audit\competition_review\remediation_g1\dataset\train\labels\raw_fire_relabel_dp_20375.txt
C:\Users\CoirRaincoat\PyCharmMiscProject\AIcontest\AI\audit\competition_review\remediation_g1\dataset\train\images\raw_fire_relabel_dp_20376.jpg,raw_fire_relabel_dp_20376.jpg,1,train,C:\Users\CoirRaincoat\PyCharmMiscProject\AIcontest\AI\audit\competition_review\remediation_g1\dataset\train\labels\raw_fire_relabel_dp_20376.txt
C:\Users\CoirRaincoat\PyCharmMiscProject\AIcontest\AI\audit\competition_review\remediation_g1\dataset\train\images\raw_fire_relabel_dp_20378.jpg,raw_fire_relabel_dp_20378.jpg,1,train,C:\Users\CoirRaincoat\PyCharmMiscProject\AIcontest\AI\audit\competition_review\remediation_g1\dataset\train\labels\raw_fire_relabel_dp_20378.txt
C:\Users\CoirRaincoat\PyCharmMiscProject\AIcontest\AI\audit\competition_review\remediation_g1\dataset\train\images\raw_fire_relabel_dp_20380.jpg,raw_fire_relabel_dp_20380.jpg,1,train,C:\Users\CoirRaincoat\PyCharmMiscProject\AIcontest\AI\audit\competition_review\remediation_g1\dataset\train\labels\raw_fire_relabel_dp_20380.txt
C:\Users\CoirRaincoat\PyCharmMiscProject\AIcontest\AI\audit\competition_review\remediation_g1\dataset\train\images\raw_fire_relabel_dp_20381.jpg,raw_fire_relabel_dp_20381.jpg,1,train,C:\Users\CoirRaincoat\PyCharmMiscProject\AIcontest\AI\audit\competition_review\remediation_g1\dataset\train\labels\raw_fire_relabel_dp_20381.txt
C:\Users\CoirRaincoat\PyCharmMiscProject\AIcontest\AI\audit\competition_review\remediation_g1\dataset\train\images\raw_fire_relabel_dp_20384.jpg,raw_fire_relabel_dp_20384.jpg,1,train,C:\Users\CoirRaincoat\PyCharmMiscProject\AIcontest\AI\audit\competition_review\remediation_g1\dataset\train\labels\raw_fire_relabel_dp_20384.txt
C:\Users\CoirRaincoat\PyCharmMiscProject\AIcontest\AI\audit\competition_review\remediation_g1\dataset\train\images\raw_fire_relabel_dp_20385.jpg,raw_fire_relabel_dp_20385.jpg,1,train,C:\Users\CoirRaincoat\PyCharmMiscProject\AIcontest\AI\audit\competition_review\remediation_g1\dataset\train\labels\raw_fire_relabel_dp_20385.txt
C:\Users\CoirRaincoat\PyCharmMiscProject\AIcontest\AI\audit\competition_review\remediation_g1\dataset\train\images\raw_fire_relabel_dp_20387.jpg,raw_fire_relabel_dp_20387.jpg,1,train,C:\Users\CoirRaincoat\PyCharmMiscProject\AIcontest\AI\audit\competition_review\remediation_g1\dataset\train\labels\raw_fire_relabel_dp_20387.txt
C:\Users\CoirRaincoat\PyCharmMiscProject\AIcontest\AI\audit\competition_review\remediation_g1\dataset\train\images\raw_fire_relabel_dp_20388.jpg,raw_fire_relabel_dp_20388.jpg,0,train,C:\Users\CoirRaincoat\PyCharmMiscProject\AIcontest\AI\audit\competition_review\remediation_g1\dataset\train\labels\raw_fire_relabel_dp_20388.txt
C:\Users\CoirRaincoat\PyCharmMiscProject\AIcontest\AI\audit\competition_review\remediation_g1\dataset\train\images\raw_fire_relabel_dp_20389.jpg,raw_fire_relabel_dp_20389.jpg,1,train,C:\Users\CoirRaincoat\PyCharmMiscProject\AIcontest\AI\audit\competition_review\remediation_g1\dataset\train\labels\raw_fire_relabel_dp_20389.txt
C:\Users\CoirRaincoat\PyCharmMiscProject\AIcontest\AI\audit\competition_review\remediation_g1\dataset\train\images\raw_fire_relabel_dp_20390.jpg,raw_fire_relabel_dp_20390.jpg,1,train,C:\Users\CoirRaincoat\PyCharmMiscProject\AIcontest\AI\audit\competition_review\remediation_g1\dataset\train\labels\raw_fire_relabel_dp_20390.txt
C:\Users\CoirRaincoat\PyCharmMiscProject\AIcontest\AI\audit\competition_review\remediation_g1\dataset\train\images\raw_fire_relabel_dp_20391.jpg,raw_fire_relabel_dp_20391.jpg,0,train,C:\Users\CoirRaincoat\PyCharmMiscProject\AIcontest\AI\audit\competition_review\remediation_g1\dataset\train\labels\raw_fire_relabel_dp_20391.txt
C:\Users\CoirRaincoat\PyCharmMiscProject\AIcontest\AI\audit\competition_review\remediation_g1\dataset\train\images\raw_fire_relabel_dp_20392.jpg,raw_fire_relabel_dp_20392.jpg,1,train,C:\Users\CoirRaincoat\PyCharmMiscProject\AIcontest\AI\audit\competition_review\remediation_g1\dataset\train\labels\raw_fire_relabel_dp_20392.txt
C:\Users\CoirRaincoat\PyCharmMiscProject\AIcontest\AI\audit\competition_review\remediation_g1\dataset\train\images\raw_fire_relabel_dp_20394.jpg,raw_fire_relabel_dp_20394.jpg,1,train,C:\Users\CoirRaincoat\PyCharmMiscProject\AIcontest\AI\audit\competition_review\remediation_g1\dataset\train\labels\raw_fire_relabel_dp_20394.txt
C:\Users\CoirRaincoat\PyCharmMiscProject\AIcontest\AI\audit\competition_review\remediation_g1\dataset\train\images\raw_fire_relabel_dp_20397.jpg,raw_fire_relabel_dp_20397.jpg,0,train,C:\Users\CoirRaincoat\PyCharmMiscProject\AIcontest\AI\audit\competition_review\remediation_g1\dataset\train\labels\raw_fire_relabel_dp_20397.txt
C:\Users\CoirRaincoat\PyCharmMiscProject\AIcontest\AI\audit\competition_review\remediation_g1\dataset\train\images\raw_fire_relabel_dp_20398.jpg,raw_fire_relabel_dp_20398.jpg,1,train,C:\Users\CoirRaincoat\PyCharmMiscProject\AIcontest\AI\audit\competition_review\remediation_g1\dataset\train\labels\raw_fire_relabel_dp_20398.txt
C:\Users\CoirRaincoat\PyCharmMiscProject\AIcontest\AI\audit\competition_review\remediation_g1\dataset\train\images\raw_fire_relabel_dp_20400.png,raw_fire_relabel_dp_20400.png,1,train,C:\Users\CoirRaincoat\PyCharmMiscProject\AIcontest\AI\audit\competition_review\remediation_g1\dataset\train\labels\raw_fire_relabel_dp_20400.txt
C:\Users\CoirRaincoat\PyCharmMiscProject\AIcontest\AI\audit\competition_review\remediation_g1\dataset\train\images\raw_fire_relabel_dp_20401.jpg,raw_fire_relabel_dp_20401.jpg,1,train,C:\Users\CoirRaincoat\PyCharmMiscProject\AIcontest\AI\audit\competition_review\remediation_g1\dataset\train\labels\raw_fire_relabel_dp_20401.txt
C:\Users\CoirRaincoat\PyCharmMiscProject\AIcontest\AI\audit\competition_review\remediation_g1\dataset\train\images\raw_fire_relabel_dp_20402.jpg,raw_fire_relabel_dp_20402.jpg,1,train,C:\Users\CoirRaincoat\PyCharmMiscProject\AIcontest\AI\audit\competition_review\remediation_g1\dataset\train\labels\raw_fire_relabel_dp_20402.txt
C:\Users\CoirRaincoat\PyCharmMiscProject\AIcontest\AI\audit\competition_review\remediation_g1\dataset\train\images\raw_fire_relabel_dp_20404.jpg,raw_fire_relabel_dp_20404.jpg,1,train,C:\Users\CoirRaincoat\PyCharmMiscProject\AIcontest\AI\audit\competition_review\remediation_g1\dataset\train\labels\raw_fire_relabel_dp_20404.txt
C:\Users\CoirRaincoat\PyCharmMiscProject\AIcontest\AI\audit\competition_review\remediation_g1\dataset\train\images\raw_fire_relabel_dp_20406.jpg,raw_fire_relabel_dp_20406.jpg,1,train,C:\Users\CoirRaincoat\PyCharmMiscProject\AIcontest\AI\audit\competition_review\remediation_g1\dataset\train\labels\raw_fire_relabel_dp_20406.txt
C:\Users\CoirRaincoat\PyCharmMiscProject\AIcontest\AI\audit\competition_review\remediation_g1\dataset\train\images\raw_fire_relabel_dp_20407.jpg,raw_fire_relabel_dp_20407.jpg,1,train,C:\Users\CoirRaincoat\PyCharmMiscProject\AIcontest\AI\audit\competition_review\remediation_g1\dataset\train\labels\raw_fire_relabel_dp_20407.txt
C:\Users\CoirRaincoat\PyCharmMiscProject\AIcontest\AI\audit\competition_review\remediation_g1\dataset\train\images\raw_fire_relabel_dp_20408.jpg,raw_fire_relabel_dp_20408.jpg,0,train,C:\Users\CoirRaincoat\PyCharmMiscProject\AIcontest\AI\audit\competition_review\remediation_g1\dataset\train\labels\raw_fire_relabel_dp_20408.txt
C:\Users\CoirRaincoat\PyCharmMiscProject\AIcontest\AI\audit\competition_review\remediation_g1\dataset\train\images\raw_fire_relabel_dp_20409.jpg,raw_fire_relabel_dp_20409.jpg,1,train,C:\Users\CoirRaincoat\PyCharmMiscProject\AIcontest\AI\audit\competition_review\remediation_g1\dataset\train\labels\raw_fire_relabel_dp_20409.txt
C:\Users\CoirRaincoat\PyCharmMiscProject\AIcontest\AI\audit\competition_review\remediation_g1\dataset\train\images\raw_fire_relabel_dp_20411.jpg,raw_fire_relabel_dp_20411.jpg,0,train,C:\Users\CoirRaincoat\PyCharmMiscProject\AIcontest\AI\audit\competition_review\remediation_g1\dataset\train\labels\raw_fire_relabel_dp_20411.txt
C:\Users\CoirRaincoat\PyCharmMiscProject\AIcontest\AI\audit\competition_review\remediation_g1\dataset\train\images\raw_fire_relabel_dp_20413.jpg,raw_fire_relabel_dp_20413.jpg,1,train,C:\Users\CoirRaincoat\PyCharmMiscProject\AIcontest\AI\audit\competition_review\remediation_g1\dataset\train\labels\raw_fire_relabel_dp_20413.txt
C:\Users\CoirRaincoat\PyCharmMiscProject\AIcontest\AI\audit\competition_review\remediation_g1\dataset\train\images\raw_fire_relabel_dp_20414.jpg,raw_fire_relabel_dp_20414.jpg,0,train,C:\Users\CoirRaincoat\PyCharmMiscProject\AIcontest\AI\audit\competition_review\remediation_g1\dataset\train\labels\raw_fire_relabel_dp_20414.txt
C:\Users\CoirRaincoat\PyCharmMiscProject\AIcontest\AI\audit\competition_review\remediation_g1\dataset\train\images\raw_fire_relabel_dp_20415.jpg,raw_fire_relabel_dp_20415.jpg,1,train,C:\Users\CoirRaincoat\PyCharmMiscProject\AIcontest\AI\audit\competition_review\remediation_g1\dataset\train\labels\raw_fire_relabel_dp_20415.txt
C:\Users\CoirRaincoat\PyCharmMiscProject\AIcontest\AI\audit\competition_review\remediation_g1\dataset\train\images\raw_fire_relabel_dp_20416.jpg,raw_fire_relabel_dp_20416.jpg,1,train,C:\Users\CoirRaincoat\PyCharmMiscProject\AIcontest\AI\audit\competition_review\remediation_g1\dataset\train\labels\raw_fire_relabel_dp_20416.txt
C:\Users\CoirRaincoat\PyCharmMiscProject\AIcontest\AI\audit\competition_review\remediation_g1\dataset\train\images\raw_fire_relabel_dp_20417.jpg,raw_fire_relabel_dp_20417.jpg,1,train,C:\Users\CoirRaincoat\PyCharmMiscProject\AIcontest\AI\audit\competition_review\remediation_g1\dataset\train\labels\raw_fire_relabel_dp_20417.txt
C:\Users\CoirRaincoat\PyCharmMiscProject\AIcontest\AI\audit\competition_review\remediation_g1\dataset\train\images\raw_fire_relabel_dp_20418.jpg,raw_fire_relabel_dp_20418.jpg,1,train,C:\Users\CoirRaincoat\PyCharmMiscProject\AIcontest\AI\audit\competition_review\remediation_g1\dataset\train\labels\raw_fire_relabel_dp_20418.txt
C:\Users\CoirRaincoat\PyCharmMiscProject\AIcontest\AI\audit\competition_review\remediation_g1\dataset\train\images\raw_fire_relabel_dp_20419.jpg,raw_fire_relabel_dp_20419.jpg,0,train,C:\Users\CoirRaincoat\PyCharmMiscProject\AIcontest\AI\audit\competition_review\remediation_g1\dataset\train\labels\raw_fire_relabel_dp_20419.txt
C:\Users\CoirRaincoat\PyCharmMiscProject\AIcontest\AI\audit\competition_review\remediation_g1\dataset\train\images\raw_fire_relabel_dp_20420.jpg,raw_fire_relabel_dp_20420.jpg,1,train,C:\Users\CoirRaincoat\PyCharmMiscProject\AIcontest\AI\audit\competition_review\remediation_g1\dataset\train\labels\raw_fire_relabel_dp_20420.txt
C:\Users\CoirRaincoat\PyCharmMiscProject\AIcontest\AI\audit\competition_review\remediation_g1\dataset\train\images\raw_fire_relabel_dp_20421.jpg,raw_fire_relabel_dp_20421.jpg,1,train,C:\Users\CoirRaincoat\PyCharmMiscProject\AIcontest\AI\audit\competition_review\remediation_g1\dataset\train\labels\raw_fire_relabel_dp_20421.txt
C:\Users\CoirRaincoat\PyCharmMiscProject\AIcontest\AI\audit\competition_review\remediation_g1\dataset\train\images\raw_fire_relabel_dp_20422.jpg,raw_fire_relabel_dp_20422.jpg,1,train,C:\Users\CoirRaincoat\PyCharmMiscProject\AIcontest\AI\audit\competition_review\remediation_g1\dataset\train\labels\raw_fire_relabel_dp_20422.txt
C:\Users\CoirRaincoat\PyCharmMiscProject\AIcontest\AI\audit\competition_review\remediation_g1\dataset\train\images\raw_fire_relabel_dp_20423.jpg,raw_fire_relabel_dp_20423.jpg,1,train,C:\Users\CoirRaincoat\PyCharmMiscProject\AIcontest\AI\audit\competition_review\remediation_g1\dataset\train\labels\raw_fire_relabel_dp_20423.txt
C:\Users\CoirRaincoat\PyCharmMiscProject\AIcontest\AI\audit\competition_review\remediation_g1\dataset\train\images\raw_fire_relabel_dp_20424.jpg,raw_fire_relabel_dp_20424.jpg,1,train,C:\Users\CoirRaincoat\PyCharmMiscProject\AIcontest\AI\audit\competition_review\remediation_g1\dataset\train\labels\raw_fire_relabel_dp_20424.txt
C:\Users\CoirRaincoat\PyCharmMiscProject\AIcontest\AI\audit\competition_review\remediation_g1\dataset\train\images\raw_fire_relabel_dp_20425.jpg,raw_fire_relabel_dp_20425.jpg,1,train,C:\Users\CoirRaincoat\PyCharmMiscProject\AIcontest\AI\audit\competition_review\remediation_g1\dataset\train\labels\raw_fire_relabel_dp_20425.txt
C:\Users\CoirRaincoat\PyCharmMiscProject\AIcontest\AI\audit\competition_review\remediation_g1\dataset\train\images\raw_fire_relabel_dp_20426.jpg,raw_fire_relabel_dp_20426.jpg,1,train,C:\Users\CoirRaincoat\PyCharmMiscProject\AIcontest\AI\audit\competition_review\remediation_g1\dataset\train\labels\raw_fire_relabel_dp_20426.txt
C:\Users\CoirRaincoat\PyCharmMiscProject\AIcontest\AI\audit\competition_review\remediation_g1\dataset\train\images\raw_fire_relabel_dp_20427.jpg,raw_fire_relabel_dp_20427.jpg,1,train,C:\Users\CoirRaincoat\PyCharmMiscProject\AIcontest\AI\audit\competition_review\remediation_g1\dataset\train\labels\raw_fire_relabel_dp_20427.txt
C:\Users\CoirRaincoat\PyCharmMiscProject\AIcontest\AI\audit\competition_review\remediation_g1\dataset\train\images\raw_fire_relabel_dp_20428.jpg,raw_fire_relabel_dp_20428.jpg,1,train,C:\Users\CoirRaincoat\PyCharmMiscProject\AIcontest\AI\audit\competition_review\remediation_g1\dataset\train\labels\raw_fire_relabel_dp_20428.txt
C:\Users\CoirRaincoat\PyCharmMiscProject\AIcontest\AI\audit\competition_review\remediation_g1\dataset\train\images\raw_fire_relabel_dp_20429.jpg,raw_fire_relabel_dp_20429.jpg,1,train,C:\Users\CoirRaincoat\PyCharmMiscProject\AIcontest\AI\audit\competition_review\remediation_g1\dataset\train\labels\raw_fire_relabel_dp_20429.txt
C:\Users\CoirRaincoat\PyCharmMiscProject\AIcontest\AI\audit\competition_review\remediation_g1\dataset\train\images\raw_fire_relabel_dp_20430.jpg,raw_fire_relabel_dp_20430.jpg,1,train,C:\Users\CoirRaincoat\PyCharmMiscProject\AIcontest\AI\audit\competition_review\remediation_g1\dataset\train\labels\raw_fire_relabel_dp_20430.txt
C:\Users\CoirRaincoat\PyCharmMiscProject\AIcontest\AI\audit\competition_review\remediation_g1\dataset\train\images\raw_fire_relabel_dp_20432.jpg,raw_fire_relabel_dp_20432.jpg,1,train,C:\Users\CoirRaincoat\PyCharmMiscProject\AIcontest\AI\audit\competition_review\remediation_g1\dataset\train\labels\raw_fire_relabel_dp_20432.txt
C:\Users\CoirRaincoat\PyCharmMiscProject\AIcontest\AI\audit\competition_review\remediation_g1\dataset\train\images\raw_fire_relabel_dp_20433.jpg,raw_fire_relabel_dp_20433.jpg,1,train,C:\Users\CoirRaincoat\PyCharmMiscProject\AIcontest\AI\audit\competition_review\remediation_g1\dataset\train\labels\raw_fire_relabel_dp_20433.txt
C:\Users\CoirRaincoat\PyCharmMiscProject\AIcontest\AI\audit\competition_review\remediation_g1\dataset\train\images\raw_fire_relabel_dp_20434.jpg,raw_fire_relabel_dp_20434.jpg,1,train,C:\Users\CoirRaincoat\PyCharmMiscProject\AIcontest\AI\audit\competition_review\remediation_g1\dataset\train\labels\raw_fire_relabel_dp_20434.txt
C:\Users\CoirRaincoat\PyCharmMiscProject\AIcontest\AI\audit\competition_review\remediation_g1\dataset\train\images\raw_fire_relabel_dp_20435.jpg,raw_fire_relabel_dp_20435.jpg,0,train,C:\Users\CoirRaincoat\PyCharmMiscProject\AIcontest\AI\audit\competition_review\remediation_g1\dataset\train\labels\raw_fire_relabel_dp_20435.txt
C:\Users\CoirRaincoat\PyCharmMiscProject\AIcontest\AI\audit\competition_review\remediation_g1\dataset\train\images\raw_fire_relabel_dp_20437.jpg,raw_fire_relabel_dp_20437.jpg,1,train,C:\Users\CoirRaincoat\PyCharmMiscProject\AIcontest\AI\audit\competition_review\remediation_g1\dataset\train\labels\raw_fire_relabel_dp_20437.txt
C:\Users\CoirRaincoat\PyCharmMiscProject\AIcontest\AI\audit\competition_review\remediation_g1\dataset\train\images\raw_fire_relabel_dp_20438.png,raw_fire_relabel_dp_20438.png,1,train,C:\Users\CoirRaincoat\PyCharmMiscProject\AIcontest\AI\audit\competition_review\remediation_g1\dataset\train\labels\raw_fire_relabel_dp_20438.txt
C:\Users\CoirRaincoat\PyCharmMiscProject\AIcontest\AI\audit\competition_review\remediation_g1\dataset\train\images\raw_fire_relabel_dp_20439.jpg,raw_fire_relabel_dp_20439.jpg,1,train,C:\Users\CoirRaincoat\PyCharmMiscProject\AIcontest\AI\audit\competition_review\remediation_g1\dataset\train\labels\raw_fire_relabel_dp_20439.txt
C:\Users\CoirRaincoat\PyCharmMiscProject\AIcontest\AI\audit\competition_review\remediation_g1\dataset\train\images\raw_fire_relabel_dp_20440.jpg,raw_fire_relabel_dp_20440.jpg,1,train,C:\Users\CoirRaincoat\PyCharmMiscProject\AIcontest\AI\audit\competition_review\remediation_g1\dataset\train\labels\raw_fire_relabel_dp_20440.txt
C:\Users\CoirRaincoat\PyCharmMiscProject\AIcontest\AI\audit\competition_review\remediation_g1\dataset\train\images\raw_fire_relabel_dp_20441.jpg,raw_fire_relabel_dp_20441.jpg,1,train,C:\Users\CoirRaincoat\PyCharmMiscProject\AIcontest\AI\audit\competition_review\remediation_g1\dataset\train\labels\raw_fire_relabel_dp_20441.txt
C:\Users\CoirRaincoat\PyCharmMiscProject\AIcontest\AI\audit\competition_review\remediation_g1\dataset\train\images\raw_fire_relabel_dp_20442.jpg,raw_fire_relabel_dp_20442.jpg,1,train,C:\Users\CoirRaincoat\PyCharmMiscProject\AIcontest\AI\audit\competition_review\remediation_g1\dataset\train\labels\raw_fire_relabel_dp_20442.txt
C:\Users\CoirRaincoat\PyCharmMiscProject\AIcontest\AI\audit\competition_review\remediation_g1\dataset\train\images\raw_fire_relabel_dp_20443.jpg,raw_fire_relabel_dp_20443.jpg,1,train,C:\Users\CoirRaincoat\PyCharmMiscProject\AIcontest\AI\audit\competition_review\remediation_g1\dataset\train\labels\raw_fire_relabel_dp_20443.txt
C:\Users\CoirRaincoat\PyCharmMiscProject\AIcontest\AI\audit\competition_review\remediation_g1\dataset\train\images\raw_fire_relabel_dp_20445.jpg,raw_fire_relabel_dp_20445.jpg,1,train,C:\Users\CoirRaincoat\PyCharmMiscProject\AIcontest\AI\audit\competition_review\remediation_g1\dataset\train\labels\raw_fire_relabel_dp_20445.txt
C:\Users\CoirRaincoat\PyCharmMiscProject\AIcontest\AI\audit\competition_review\remediation_g1\dataset\train\images\raw_fire_relabel_dp_20446.jpg,raw_fire_relabel_dp_20446.jpg,1,train,C:\Users\CoirRaincoat\PyCharmMiscProject\AIcontest\AI\audit\competition_review\remediation_g1\dataset\train\labels\raw_fire_relabel_dp_20446.txt
C:\Users\CoirRaincoat\PyCharmMiscProject\AIcontest\AI\audit\competition_review\remediation_g1\dataset\train\images\raw_fire_relabel_dp_20447.jpg,raw_fire_relabel_dp_20447.jpg,0,train,C:\Users\CoirRaincoat\PyCharmMiscProject\AIcontest\AI\audit\competition_review\remediation_g1\dataset\train\labels\raw_fire_relabel_dp_20447.txt
C:\Users\CoirRaincoat\PyCharmMiscProject\AIcontest\AI\audit\competition_review\remediation_g1\dataset\train\images\raw_fire_relabel_dp_20448.jpg,raw_fire_relabel_dp_20448.jpg,1,train,C:\Users\CoirRaincoat\PyCharmMiscProject\AIcontest\AI\audit\competition_review\remediation_g1\dataset\train\labels\raw_fire_relabel_dp_20448.txt
C:\Users\CoirRaincoat\PyCharmMiscProject\AIcontest\AI\audit\competition_review\remediation_g1\dataset\train\images\raw_fire_relabel_dp_20449.jpg,raw_fire_relabel_dp_20449.jpg,0,train,C:\Users\CoirRaincoat\PyCharmMiscProject\AIcontest\AI\audit\competition_review\remediation_g1\dataset\train\labels\raw_fire_relabel_dp_20449.txt
C:\Users\CoirRaincoat\PyCharmMiscProject\AIcontest\AI\audit\competition_review\remediation_g1\dataset\train\images\raw_fire_relabel_dp_20450.jpg,raw_fire_relabel_dp_20450.jpg,1,train,C:\Users\CoirRaincoat\PyCharmMiscProject\AIcontest\AI\audit\competition_review\remediation_g1\dataset\train\labels\raw_fire_relabel_dp_20450.txt
C:\Users\CoirRaincoat\PyCharmMiscProject\AIcontest\AI\audit\competition_review\remediation_g1\dataset\train\images\raw_fire_relabel_dp_20451.jpg,raw_fire_relabel_dp_20451.jpg,1,train,C:\Users\CoirRaincoat\PyCharmMiscProject\AIcontest\AI\audit\competition_review\remediation_g1\dataset\train\labels\raw_fire_relabel_dp_20451.txt
C:\Users\CoirRaincoat\PyCharmMiscProject\AIcontest\AI\audit\competition_review\remediation_g1\dataset\train\images\raw_fire_relabel_dp_20452.jpg,raw_fire_relabel_dp_20452.jpg,1,train,C:\Users\CoirRaincoat\PyCharmMiscProject\AIcontest\AI\audit\competition_review\remediation_g1\dataset\train\labels\raw_fire_relabel_dp_20452.txt
C:\Users\CoirRaincoat\PyCharmMiscProject\AIcontest\AI\audit\competition_review\remediation_g1\dataset\train\images\raw_fire_relabel_dp_20454.jpg,raw_fire_relabel_dp_20454.jpg,1,train,C:\Users\CoirRaincoat\PyCharmMiscProject\AIcontest\AI\audit\competition_review\remediation_g1\dataset\train\labels\raw_fire_relabel_dp_20454.txt
C:\Users\CoirRaincoat\PyCharmMiscProject\AIcontest\AI\audit\competition_review\remediation_g1\dataset\train\images\raw_fire_relabel_dp_20455.png,raw_fire_relabel_dp_20455.png,1,train,C:\Users\CoirRaincoat\PyCharmMiscProject\AIcontest\AI\audit\competition_review\remediation_g1\dataset\train\labels\raw_fire_relabel_dp_20455.txt
C:\Users\CoirRaincoat\PyCharmMiscProject\AIcontest\AI\audit\competition_review\remediation_g1\dataset\train\images\raw_fire_relabel_dp_20457.jpg,raw_fire_relabel_dp_20457.jpg,0,train,C:\Users\CoirRaincoat\PyCharmMiscProject\AIcontest\AI\audit\competition_review\remediation_g1\dataset\train\labels\raw_fire_relabel_dp_20457.txt
C:\Users\CoirRaincoat\PyCharmMiscProject\AIcontest\AI\audit\competition_review\remediation_g1\dataset\train\images\raw_fire_relabel_dp_20458.jpg,raw_fire_relabel_dp_20458.jpg,0,train,C:\Users\CoirRaincoat\PyCharmMiscProject\AIcontest\AI\audit\competition_review\remediation_g1\dataset\train\labels\raw_fire_relabel_dp_20458.txt
C:\Users\CoirRaincoat\PyCharmMiscProject\AIcontest\AI\audit\competition_review\remediation_g1\dataset\train\images\raw_fire_relabel_dp_20459.jpg,raw_fire_relabel_dp_20459.jpg,0,train,C:\Users\CoirRaincoat\PyCharmMiscProject\AIcontest\AI\audit\competition_review\remediation_g1\dataset\train\labels\raw_fire_relabel_dp_20459.txt
C:\Users\CoirRaincoat\PyCharmMiscProject\AIcontest\AI\audit\competition_review\remediation_g1\dataset\train\images\raw_fire_relabel_dp_20460.jpg,raw_fire_relabel_dp_20460.jpg,0,train,C:\Users\CoirRaincoat\PyCharmMiscProject\AIcontest\AI\audit\competition_review\remediation_g1\dataset\train\labels\raw_fire_relabel_dp_20460.txt
C:\Users\CoirRaincoat\PyCharmMiscProject\AIcontest\AI\audit\competition_review\remediation_g1\dataset\train\images\raw_fire_relabel_dp_20461.jpg,raw_fire_relabel_dp_20461.jpg,1,train,C:\Users\CoirRaincoat\PyCharmMiscProject\AIcontest\AI\audit\competition_review\remediation_g1\dataset\train\labels\raw_fire_relabel_dp_20461.txt
C:\Users\CoirRaincoat\PyCharmMiscProject\AIcontest\AI\audit\competition_review\remediation_g1\dataset\train\images\raw_fire_relabel_dp_20462.jpg,raw_fire_relabel_dp_20462.jpg,1,train,C:\Users\CoirRaincoat\PyCharmMiscProject\AIcontest\AI\audit\competition_review\remediation_g1\dataset\train\labels\raw_fire_relabel_dp_20462.txt
C:\Users\CoirRaincoat\PyCharmMiscProject\AIcontest\AI\audit\competition_review\remediation_g1\dataset\train\images\raw_fire_relabel_dp_20463.jpg,raw_fire_relabel_dp_20463.jpg,1,train,C:\Users\CoirRaincoat\PyCharmMiscProject\AIcontest\AI\audit\competition_review\remediation_g1\dataset\train\labels\raw_fire_relabel_dp_20463.txt
C:\Users\CoirRaincoat\PyCharmMiscProject\AIcontest\AI\audit\competition_review\remediation_g1\dataset\train\images\raw_fire_relabel_dp_20464.jpg,raw_fire_relabel_dp_20464.jpg,1,train,C:\Users\CoirRaincoat\PyCharmMiscProject\AIcontest\AI\audit\competition_review\remediation_g1\dataset\train\labels\raw_fire_relabel_dp_20464.txt
C:\Users\CoirRaincoat\PyCharmMiscProject\AIcontest\AI\audit\competition_review\remediation_g1\dataset\train\images\raw_fire_relabel_dp_20466.jpg,raw_fire_relabel_dp_20466.jpg,1,train,C:\Users\CoirRaincoat\PyCharmMiscProject\AIcontest\AI\audit\competition_review\remediation_g1\dataset\train\labels\raw_fire_relabel_dp_20466.txt
C:\Users\CoirRaincoat\PyCharmMiscProject\AIcontest\AI\audit\competition_review\remediation_g1\dataset\train\images\raw_fire_relabel_dp_20468.jpg,raw_fire_relabel_dp_20468.jpg,1,train,C:\Users\CoirRaincoat\PyCharmMiscProject\AIcontest\AI\audit\competition_review\remediation_g1\dataset\train\labels\raw_fire_relabel_dp_20468.txt
C:\Users\CoirRaincoat\PyCharmMiscProject\AIcontest\AI\audit\competition_review\remediation_g1\dataset\train\images\raw_fire_relabel_dp_20469.jpg,raw_fire_relabel_dp_20469.jpg,1,train,C:\Users\CoirRaincoat\PyCharmMiscProject\AIcontest\AI\audit\competition_review\remediation_g1\dataset\train\labels\raw_fire_relabel_dp_20469.txt
C:\Users\CoirRaincoat\PyCharmMiscProject\AIcontest\AI\audit\competition_review\remediation_g1\dataset\train\images\raw_fire_relabel_dp_20470.jpg,raw_fire_relabel_dp_20470.jpg,1,train,C:\Users\CoirRaincoat\PyCharmMiscProject\AIcontest\AI\audit\competition_review\remediation_g1\dataset\train\labels\raw_fire_relabel_dp_20470.txt
C:\Users\CoirRaincoat\PyCharmMiscProject\AIcontest\AI\audit\competition_review\remediation_g1\dataset\train\images\raw_fire_relabel_dp_20471.jpg,raw_fire_relabel_dp_20471.jpg,1,train,C:\Users\CoirRaincoat\PyCharmMiscProject\AIcontest\AI\audit\competition_review\remediation_g1\dataset\train\labels\raw_fire_relabel_dp_20471.txt
C:\Users\CoirRaincoat\PyCharmMiscProject\AIcontest\AI\audit\competition_review\remediation_g1\dataset\train\images\raw_fire_relabel_dp_20472.jpg,raw_fire_relabel_dp_20472.jpg,1,train,C:\Users\CoirRaincoat\PyCharmMiscProject\AIcontest\AI\audit\competition_review\remediation_g1\dataset\train\labels\raw_fire_relabel_dp_20472.txt
C:\Users\CoirRaincoat\PyCharmMiscProject\AIcontest\AI\audit\competition_review\remediation_g1\dataset\train\images\raw_fire_relabel_dp_20473.jpg,raw_fire_relabel_dp_20473.jpg,1,train,C:\Users\CoirRaincoat\PyCharmMiscProject\AIcontest\AI\audit\competition_review\remediation_g1\dataset\train\labels\raw_fire_relabel_dp_20473.txt
C:\Users\CoirRaincoat\PyCharmMiscProject\AIcontest\AI\audit\competition_review\remediation_g1\dataset\train\images\raw_fire_relabel_dp_20474.jpg,raw_fire_relabel_dp_20474.jpg,0,train,C:\Users\CoirRaincoat\PyCharmMiscProject\AIcontest\AI\audit\competition_review\remediation_g1\dataset\train\labels\raw_fire_relabel_dp_20474.txt
C:\Users\CoirRaincoat\PyCharmMiscProject\AIcontest\AI\audit\competition_review\remediation_g1\dataset\train\images\raw_fire_relabel_dp_20475.jpg,raw_fire_relabel_dp_20475.jpg,1,train,C:\Users\CoirRaincoat\PyCharmMiscProject\AIcontest\AI\audit\competition_review\remediation_g1\dataset\train\labels\raw_fire_relabel_dp_20475.txt
C:\Users\CoirRaincoat\PyCharmMiscProject\AIcontest\AI\audit\competition_review\remediation_g1\dataset\train\images\raw_fire_relabel_dp_20476.jpg,raw_fire_relabel_dp_20476.jpg,1,train,C:\Users\CoirRaincoat\PyCharmMiscProject\AIcontest\AI\audit\competition_review\remediation_g1\dataset\train\labels\raw_fire_relabel_dp_20476.txt
C:\Users\CoirRaincoat\PyCharmMiscProject\AIcontest\AI\audit\competition_review\remediation_g1\dataset\train\images\raw_fire_relabel_dp_20477.jpg,raw_fire_relabel_dp_20477.jpg,1,train,C:\Users\CoirRaincoat\PyCharmMiscProject\AIcontest\AI\audit\competition_review\remediation_g1\dataset\train\labels\raw_fire_relabel_dp_20477.txt
C:\Users\CoirRaincoat\PyCharmMiscProject\AIcontest\AI\audit\competition_review\remediation_g1\dataset\train\images\raw_fire_relabel_dp_20478.png,raw_fire_relabel_dp_20478.png,1,train,C:\Users\CoirRaincoat\PyCharmMiscProject\AIcontest\AI\audit\competition_review\remediation_g1\dataset\train\labels\raw_fire_relabel_dp_20478.txt
C:\Users\CoirRaincoat\PyCharmMiscProject\AIcontest\AI\audit\competition_review\remediation_g1\dataset\train\images\raw_fire_relabel_dp_20480.jpg,raw_fire_relabel_dp_20480.jpg,1,train,C:\Users\CoirRaincoat\PyCharmMiscProject\AIcontest\AI\audit\competition_review\remediation_g1\dataset\train\labels\raw_fire_relabel_dp_20480.txt
C:\Users\CoirRaincoat\PyCharmMiscProject\AIcontest\AI\audit\competition_review\remediation_g1\dataset\train\images\raw_fire_relabel_dp_20481.jpg,raw_fire_relabel_dp_20481.jpg,0,train,C:\Users\CoirRaincoat\PyCharmMiscProject\AIcontest\AI\audit\competition_review\remediation_g1\dataset\train\labels\raw_fire_relabel_dp_20481.txt
C:\Users\CoirRaincoat\PyCharmMiscProject\AIcontest\AI\audit\competition_review\remediation_g1\dataset\train\images\raw_fire_relabel_dp_20482.jpg,raw_fire_relabel_dp_20482.jpg,1,train,C:\Users\CoirRaincoat\PyCharmMiscProject\AIcontest\AI\audit\competition_review\remediation_g1\dataset\train\labels\raw_fire_relabel_dp_20482.txt
C:\Users\CoirRaincoat\PyCharmMiscProject\AIcontest\AI\audit\competition_review\remediation_g1\dataset\train\images\raw_fire_relabel_dp_20484.jpg,raw_fire_relabel_dp_20484.jpg,1,train,C:\Users\CoirRaincoat\PyCharmMiscProject\AIcontest\AI\audit\competition_review\remediation_g1\dataset\train\labels\raw_fire_relabel_dp_20484.txt
C:\Users\CoirRaincoat\PyCharmMiscProject\AIcontest\AI\audit\competition_review\remediation_g1\dataset\train\images\raw_fire_relabel_dp_20485.jpg,raw_fire_relabel_dp_20485.jpg,1,train,C:\Users\CoirRaincoat\PyCharmMiscProject\AIcontest\AI\audit\competition_review\remediation_g1\dataset\train\labels\raw_fire_relabel_dp_20485.txt
C:\Users\CoirRaincoat\PyCharmMiscProject\AIcontest\AI\audit\competition_review\remediation_g1\dataset\train\images\raw_fire_relabel_dp_20487.jpg,raw_fire_relabel_dp_20487.jpg,0,train,C:\Users\CoirRaincoat\PyCharmMiscProject\AIcontest\AI\audit\competition_review\remediation_g1\dataset\train\labels\raw_fire_relabel_dp_20487.txt
C:\Users\CoirRaincoat\PyCharmMiscProject\AIcontest\AI\audit\competition_review\remediation_g1\dataset\train\images\raw_fire_relabel_dp_20489.jpg,raw_fire_relabel_dp_20489.jpg,1,train,C:\Users\CoirRaincoat\PyCharmMiscProject\AIcontest\AI\audit\competition_review\remediation_g1\dataset\train\labels\raw_fire_relabel_dp_20489.txt
C:\Users\CoirRaincoat\PyCharmMiscProject\AIcontest\AI\audit\competition_review\remediation_g1\dataset\train\images\raw_fire_relabel_dp_20490.jpg,raw_fire_relabel_dp_20490.jpg,1,train,C:\Users\CoirRaincoat\PyCharmMiscProject\AIcontest\AI\audit\competition_review\remediation_g1\dataset\train\labels\raw_fire_relabel_dp_20490.txt
C:\Users\CoirRaincoat\PyCharmMiscProject\AIcontest\AI\audit\competition_review\remediation_g1\dataset\train\images\raw_fire_relabel_dp_20492.jpg,raw_fire_relabel_dp_20492.jpg,1,train,C:\Users\CoirRaincoat\PyCharmMiscProject\AIcontest\AI\audit\competition_review\remediation_g1\dataset\train\labels\raw_fire_relabel_dp_20492.txt
C:\Users\CoirRaincoat\PyCharmMiscProject\AIcontest\AI\audit\competition_review\remediation_g1\dataset\train\images\raw_fire_relabel_dp_20493.jpg,raw_fire_relabel_dp_20493.jpg,1,train,C:\Users\CoirRaincoat\PyCharmMiscProject\AIcontest\AI\audit\competition_review\remediation_g1\dataset\train\labels\raw_fire_relabel_dp_20493.txt
C:\Users\CoirRaincoat\PyCharmMiscProject\AIcontest\AI\audit\competition_review\remediation_g1\dataset\train\images\raw_fire_relabel_dp_20494.jpg,raw_fire_relabel_dp_20494.jpg,1,train,C:\Users\CoirRaincoat\PyCharmMiscProject\AIcontest\AI\audit\competition_review\remediation_g1\dataset\train\labels\raw_fire_relabel_dp_20494.txt
C:\Users\CoirRaincoat\PyCharmMiscProject\AIcontest\AI\audit\competition_review\remediation_g1\dataset\train\images\raw_fire_relabel_dp_20495.jpg,raw_fire_relabel_dp_20495.jpg,1,train,C:\Users\CoirRaincoat\PyCharmMiscProject\AIcontest\AI\audit\competition_review\remediation_g1\dataset\train\labels\raw_fire_relabel_dp_20495.txt
C:\Users\CoirRaincoat\PyCharmMiscProject\AIcontest\AI\audit\competition_review\remediation_g1\dataset\train\images\raw_fire_relabel_dp_20496.jpg,raw_fire_relabel_dp_20496.jpg,1,train,C:\Users\CoirRaincoat\PyCharmMiscProject\AIcontest\AI\audit\competition_review\remediation_g1\dataset\train\labels\raw_fire_relabel_dp_20496.txt
C:\Users\CoirRaincoat\PyCharmMiscProject\AIcontest\AI\audit\competition_review\remediation_g1\dataset\train\images\raw_fire_relabel_dp_20497.jpg,raw_fire_relabel_dp_20497.jpg,1,train,C:\Users\CoirRaincoat\PyCharmMiscProject\AIcontest\AI\audit\competition_review\remediation_g1\dataset\train\labels\raw_fire_relabel_dp_20497.txt
C:\Users\CoirRaincoat\PyCharmMiscProject\AIcontest\AI\audit\competition_review\remediation_g1\dataset\train\images\raw_fire_relabel_dp_20499.jpg,raw_fire_relabel_dp_20499.jpg,1,train,C:\Users\CoirRaincoat\PyCharmMiscProject\AIcontest\AI\audit\competition_review\remediation_g1\dataset\train\labels\raw_fire_relabel_dp_20499.txt
C:\Users\CoirRaincoat\PyCharmMiscProject\AIcontest\AI\audit\competition_review\remediation_g1\dataset\train\images\raw_fire_relabel_dp_20500.jpg,raw_fire_relabel_dp_20500.jpg,1,train,C:\Users\CoirRaincoat\PyCharmMiscProject\AIcontest\AI\audit\competition_review\remediation_g1\dataset\train\labels\raw_fire_relabel_dp_20500.txt
C:\Users\CoirRaincoat\PyCharmMiscProject\AIcontest\AI\audit\competition_review\remediation_g1\dataset\train\images\raw_fire_relabel_dp_20502.jpg,raw_fire_relabel_dp_20502.jpg,1,train,C:\Users\CoirRaincoat\PyCharmMiscProject\AIcontest\AI\audit\competition_review\remediation_g1\dataset\train\labels\raw_fire_relabel_dp_20502.txt
C:\Users\CoirRaincoat\PyCharmMiscProject\AIcontest\AI\audit\competition_review\remediation_g1\dataset\train\images\raw_fire_relabel_dp_20503.jpg,raw_fire_relabel_dp_20503.jpg,1,train,C:\Users\CoirRaincoat\PyCharmMiscProject\AIcontest\AI\audit\competition_review\remediation_g1\dataset\train\labels\raw_fire_relabel_dp_20503.txt
C:\Users\CoirRaincoat\PyCharmMiscProject\AIcontest\AI\audit\competition_review\remediation_g1\dataset\train\images\raw_fire_relabel_dp_20504.jpg,raw_fire_relabel_dp_20504.jpg,1,train,C:\Users\CoirRaincoat\PyCharmMiscProject\AIcontest\AI\audit\competition_review\remediation_g1\dataset\train\labels\raw_fire_relabel_dp_20504.txt
C:\Users\CoirRaincoat\PyCharmMiscProject\AIcontest\AI\audit\competition_review\remediation_g1\dataset\train\images\raw_fire_relabel_dp_20505.jpg,raw_fire_relabel_dp_20505.jpg,0,train,C:\Users\CoirRaincoat\PyCharmMiscProject\AIcontest\AI\audit\competition_review\remediation_g1\dataset\train\labels\raw_fire_relabel_dp_20505.txt
C:\Users\CoirRaincoat\PyCharmMiscProject\AIcontest\AI\audit\competition_review\remediation_g1\dataset\train\images\raw_fire_relabel_dp_20506.png,raw_fire_relabel_dp_20506.png,1,train,C:\Users\CoirRaincoat\PyCharmMiscProject\AIcontest\AI\audit\competition_review\remediation_g1\dataset\train\labels\raw_fire_relabel_dp_20506.txt
C:\Users\CoirRaincoat\PyCharmMiscProject\AIcontest\AI\audit\competition_review\remediation_g1\dataset\train\images\raw_fire_relabel_dp_20508.jpg,raw_fire_relabel_dp_20508.jpg,1,train,C:\Users\CoirRaincoat\PyCharmMiscProject\AIcontest\AI\audit\competition_review\remediation_g1\dataset\train\labels\raw_fire_relabel_dp_20508.txt
C:\Users\CoirRaincoat\PyCharmMiscProject\AIcontest\AI\audit\competition_review\remediation_g1\dataset\train\images\raw_fire_relabel_dp_20509.jpg,raw_fire_relabel_dp_20509.jpg,1,train,C:\Users\CoirRaincoat\PyCharmMiscProject\AIcontest\AI\audit\competition_review\remediation_g1\dataset\train\labels\raw_fire_relabel_dp_20509.txt
C:\Users\CoirRaincoat\PyCharmMiscProject\AIcontest\AI\audit\competition_review\remediation_g1\dataset\train\images\raw_fire_relabel_dp_20510.jpg,raw_fire_relabel_dp_20510.jpg,1,train,C:\Users\CoirRaincoat\PyCharmMiscProject\AIcontest\AI\audit\competition_review\remediation_g1\dataset\train\labels\raw_fire_relabel_dp_20510.txt
C:\Users\CoirRaincoat\PyCharmMiscProject\AIcontest\AI\audit\competition_review\remediation_g1\dataset\train\images\raw_fire_relabel_dp_20511.jpg,raw_fire_relabel_dp_20511.jpg,1,train,C:\Users\CoirRaincoat\PyCharmMiscProject\AIcontest\AI\audit\competition_review\remediation_g1\dataset\train\labels\raw_fire_relabel_dp_20511.txt
C:\Users\CoirRaincoat\PyCharmMiscProject\AIcontest\AI\audit\competition_review\remediation_g1\dataset\train\images\raw_fire_relabel_dp_20512.jpg,raw_fire_relabel_dp_20512.jpg,0,train,C:\Users\CoirRaincoat\PyCharmMiscProject\AIcontest\AI\audit\competition_review\remediation_g1\dataset\train\labels\raw_fire_relabel_dp_20512.txt
C:\Users\CoirRaincoat\PyCharmMiscProject\AIcontest\AI\audit\competition_review\remediation_g1\dataset\train\images\raw_fire_relabel_dp_20513.png,raw_fire_relabel_dp_20513.png,1,train,C:\Users\CoirRaincoat\PyCharmMiscProject\AIcontest\AI\audit\competition_review\remediation_g1\dataset\train\labels\raw_fire_relabel_dp_20513.txt
C:\Users\CoirRaincoat\PyCharmMiscProject\AIcontest\AI\audit\competition_review\remediation_g1\dataset\train\images\raw_fire_relabel_dp_20514.jpg,raw_fire_relabel_dp_20514.jpg,1,train,C:\Users\CoirRaincoat\PyCharmMiscProject\AIcontest\AI\audit\competition_review\remediation_g1\dataset\train\labels\raw_fire_relabel_dp_20514.txt
C:\Users\CoirRaincoat\PyCharmMiscProject\AIcontest\AI\audit\competition_review\remediation_g1\dataset\train\images\raw_fire_relabel_dp_20515.jpg,raw_fire_relabel_dp_20515.jpg,1,train,C:\Users\CoirRaincoat\PyCharmMiscProject\AIcontest\AI\audit\competition_review\remediation_g1\dataset\train\labels\raw_fire_relabel_dp_20515.txt
C:\Users\CoirRaincoat\PyCharmMiscProject\AIcontest\AI\audit\competition_review\remediation_g1\dataset\train\images\raw_fire_relabel_dp_20516.jpg,raw_fire_relabel_dp_20516.jpg,1,train,C:\Users\CoirRaincoat\PyCharmMiscProject\AIcontest\AI\audit\competition_review\remediation_g1\dataset\train\labels\raw_fire_relabel_dp_20516.txt
C:\Users\CoirRaincoat\PyCharmMiscProject\AIcontest\AI\audit\competition_review\remediation_g1\dataset\train\images\raw_fire_relabel_dp_20517.jpg,raw_fire_relabel_dp_20517.jpg,1,train,C:\Users\CoirRaincoat\PyCharmMiscProject\AIcontest\AI\audit\competition_review\remediation_g1\dataset\train\labels\raw_fire_relabel_dp_20517.txt
C:\Users\CoirRaincoat\PyCharmMiscProject\AIcontest\AI\audit\competition_review\remediation_g1\dataset\train\images\raw_fire_relabel_dp_20518.jpg,raw_fire_relabel_dp_20518.jpg,1,train,C:\Users\CoirRaincoat\PyCharmMiscProject\AIcontest\AI\audit\competition_review\remediation_g1\dataset\train\labels\raw_fire_relabel_dp_20518.txt
C:\Users\CoirRaincoat\PyCharmMiscProject\AIcontest\AI\audit\competition_review\remediation_g1\dataset\train\images\raw_fire_relabel_dp_20519.jpg,raw_fire_relabel_dp_20519.jpg,1,train,C:\Users\CoirRaincoat\PyCharmMiscProject\AIcontest\AI\audit\competition_review\remediation_g1\dataset\train\labels\raw_fire_relabel_dp_20519.txt
C:\Users\CoirRaincoat\PyCharmMiscProject\AIcontest\AI\audit\competition_review\remediation_g1\dataset\train\images\raw_fire_relabel_dp_20520.jpg,raw_fire_relabel_dp_20520.jpg,1,train,C:\Users\CoirRaincoat\PyCharmMiscProject\AIcontest\AI\audit\competition_review\remediation_g1\dataset\train\labels\raw_fire_relabel_dp_20520.txt
C:\Users\CoirRaincoat\PyCharmMiscProject\AIcontest\AI\audit\competition_review\remediation_g1\dataset\train\images\raw_fire_relabel_dp_20522.jpg,raw_fire_relabel_dp_20522.jpg,1,train,C:\Users\CoirRaincoat\PyCharmMiscProject\AIcontest\AI\audit\competition_review\remediation_g1\dataset\train\labels\raw_fire_relabel_dp_20522.txt
C:\Users\CoirRaincoat\PyCharmMiscProject\AIcontest\AI\audit\competition_review\remediation_g1\dataset\train\images\raw_fire_relabel_dp_20524.jpg,raw_fire_relabel_dp_20524.jpg,1,train,C:\Users\CoirRaincoat\PyCharmMiscProject\AIcontest\AI\audit\competition_review\remediation_g1\dataset\train\labels\raw_fire_relabel_dp_20524.txt
C:\Users\CoirRaincoat\PyCharmMiscProject\AIcontest\AI\audit\competition_review\remediation_g1\dataset\train\images\raw_fire_relabel_dp_20525.jpg,raw_fire_relabel_dp_20525.jpg,1,train,C:\Users\CoirRaincoat\PyCharmMiscProject\AIcontest\AI\audit\competition_review\remediation_g1\dataset\train\labels\raw_fire_relabel_dp_20525.txt
C:\Users\CoirRaincoat\PyCharmMiscProject\AIcontest\AI\audit\competition_review\remediation_g1\dataset\train\images\raw_fire_relabel_dp_20526.jpg,raw_fire_relabel_dp_20526.jpg,1,train,C:\Users\CoirRaincoat\PyCharmMiscProject\AIcontest\AI\audit\competition_review\remediation_g1\dataset\train\labels\raw_fire_relabel_dp_20526.txt
C:\Users\CoirRaincoat\PyCharmMiscProject\AIcontest\AI\audit\competition_review\remediation_g1\dataset\train\images\raw_fire_relabel_dp_20527.jpg,raw_fire_relabel_dp_20527.jpg,1,train,C:\Users\CoirRaincoat\PyCharmMiscProject\AIcontest\AI\audit\competition_review\remediation_g1\dataset\train\labels\raw_fire_relabel_dp_20527.txt
C:\Users\CoirRaincoat\PyCharmMiscProject\AIcontest\AI\audit\competition_review\remediation_g1\dataset\train\images\raw_fire_relabel_dp_20528.jpg,raw_fire_relabel_dp_20528.jpg,1,train,C:\Users\CoirRaincoat\PyCharmMiscProject\AIcontest\AI\audit\competition_review\remediation_g1\dataset\train\labels\raw_fire_relabel_dp_20528.txt
C:\Users\CoirRaincoat\PyCharmMiscProject\AIcontest\AI\audit\competition_review\remediation_g1\dataset\train\images\raw_fire_relabel_dp_20529.jpg,raw_fire_relabel_dp_20529.jpg,1,train,C:\Users\CoirRaincoat\PyCharmMiscProject\AIcontest\AI\audit\competition_review\remediation_g1\dataset\train\labels\raw_fire_relabel_dp_20529.txt
C:\Users\CoirRaincoat\PyCharmMiscProject\AIcontest\AI\audit\competition_review\remediation_g1\dataset\train\images\raw_fire_relabel_dp_20530.jpg,raw_fire_relabel_dp_20530.jpg,1,train,C:\Users\CoirRaincoat\PyCharmMiscProject\AIcontest\AI\audit\competition_review\remediation_g1\dataset\train\labels\raw_fire_relabel_dp_20530.txt
C:\Users\CoirRaincoat\PyCharmMiscProject\AIcontest\AI\audit\competition_review\remediation_g1\dataset\train\images\raw_fire_relabel_dp_20531.jpg,raw_fire_relabel_dp_20531.jpg,1,train,C:\Users\CoirRaincoat\PyCharmMiscProject\AIcontest\AI\audit\competition_review\remediation_g1\dataset\train\labels\raw_fire_relabel_dp_20531.txt
C:\Users\CoirRaincoat\PyCharmMiscProject\AIcontest\AI\audit\competition_review\remediation_g1\dataset\train\images\raw_fire_relabel_dp_20532.jpg,raw_fire_relabel_dp_20532.jpg,1,train,C:\Users\CoirRaincoat\PyCharmMiscProject\AIcontest\AI\audit\competition_review\remediation_g1\dataset\train\labels\raw_fire_relabel_dp_20532.txt
C:\Users\CoirRaincoat\PyCharmMiscProject\AIcontest\AI\audit\competition_review\remediation_g1\dataset\train\images\raw_fire_relabel_dp_20533.jpg,raw_fire_relabel_dp_20533.jpg,1,train,C:\Users\CoirRaincoat\PyCharmMiscProject\AIcontest\AI\audit\competition_review\remediation_g1\dataset\train\labels\raw_fire_relabel_dp_20533.txt
C:\Users\CoirRaincoat\PyCharmMiscProject\AIcontest\AI\audit\competition_review\remediation_g1\dataset\train\images\raw_fire_relabel_dp_20534.jpg,raw_fire_relabel_dp_20534.jpg,1,train,C:\Users\CoirRaincoat\PyCharmMiscProject\AIcontest\AI\audit\competition_review\remediation_g1\dataset\train\labels\raw_fire_relabel_dp_20534.txt
C:\Users\CoirRaincoat\PyCharmMiscProject\AIcontest\AI\audit\competition_review\remediation_g1\dataset\train\images\raw_fire_relabel_dp_20535.jpg,raw_fire_relabel_dp_20535.jpg,1,train,C:\Users\CoirRaincoat\PyCharmMiscProject\AIcontest\AI\audit\competition_review\remediation_g1\dataset\train\labels\raw_fire_relabel_dp_20535.txt
C:\Users\CoirRaincoat\PyCharmMiscProject\AIcontest\AI\audit\competition_review\remediation_g1\dataset\train\images\raw_fire_relabel_dp_20536.jpg,raw_fire_relabel_dp_20536.jpg,1,train,C:\Users\CoirRaincoat\PyCharmMiscProject\AIcontest\AI\audit\competition_review\remediation_g1\dataset\train\labels\raw_fire_relabel_dp_20536.txt
C:\Users\CoirRaincoat\PyCharmMiscProject\AIcontest\AI\audit\competition_review\remediation_g1\dataset\train\images\raw_fire_relabel_dp_20537.jpg,raw_fire_relabel_dp_20537.jpg,0,train,C:\Users\CoirRaincoat\PyCharmMiscProject\AIcontest\AI\audit\competition_review\remediation_g1\dataset\train\labels\raw_fire_relabel_dp_20537.txt
C:\Users\CoirRaincoat\PyCharmMiscProject\AIcontest\AI\audit\competition_review\remediation_g1\dataset\train\images\raw_fire_relabel_dp_20538.jpg,raw_fire_relabel_dp_20538.jpg,1,train,C:\Users\CoirRaincoat\PyCharmMiscProject\AIcontest\AI\audit\competition_review\remediation_g1\dataset\train\labels\raw_fire_relabel_dp_20538.txt
C:\Users\CoirRaincoat\PyCharmMiscProject\AIcontest\AI\audit\competition_review\remediation_g1\dataset\train\images\raw_fire_relabel_dp_20539.jpg,raw_fire_relabel_dp_20539.jpg,1,train,C:\Users\CoirRaincoat\PyCharmMiscProject\AIcontest\AI\audit\competition_review\remediation_g1\dataset\train\labels\raw_fire_relabel_dp_20539.txt
C:\Users\CoirRaincoat\PyCharmMiscProject\AIcontest\AI\audit\competition_review\remediation_g1\dataset\train\images\raw_fire_relabel_dp_20540.jpg,raw_fire_relabel_dp_20540.jpg,1,train,C:\Users\CoirRaincoat\PyCharmMiscProject\AIcontest\AI\audit\competition_review\remediation_g1\dataset\train\labels\raw_fire_relabel_dp_20540.txt
C:\Users\CoirRaincoat\PyCharmMiscProject\AIcontest\AI\audit\competition_review\remediation_g1\dataset\train\images\raw_fire_relabel_dp_20542.jpg,raw_fire_relabel_dp_20542.jpg,1,train,C:\Users\CoirRaincoat\PyCharmMiscProject\AIcontest\AI\audit\competition_review\remediation_g1\dataset\train\labels\raw_fire_relabel_dp_20542.txt
C:\Users\CoirRaincoat\PyCharmMiscProject\AIcontest\AI\audit\competition_review\remediation_g1\dataset\train\images\raw_fire_relabel_dp_20543.jpg,raw_fire_relabel_dp_20543.jpg,1,train,C:\Users\CoirRaincoat\PyCharmMiscProject\AIcontest\AI\audit\competition_review\remediation_g1\dataset\train\labels\raw_fire_relabel_dp_20543.txt
C:\Users\CoirRaincoat\PyCharmMiscProject\AIcontest\AI\audit\competition_review\remediation_g1\dataset\train\images\raw_fire_relabel_dp_20544.jpg,raw_fire_relabel_dp_20544.jpg,0,train,C:\Users\CoirRaincoat\PyCharmMiscProject\AIcontest\AI\audit\competition_review\remediation_g1\dataset\train\labels\raw_fire_relabel_dp_20544.txt
C:\Users\CoirRaincoat\PyCharmMiscProject\AIcontest\AI\audit\competition_review\remediation_g1\dataset\train\images\raw_fire_relabel_dp_20545.jpg,raw_fire_relabel_dp_20545.jpg,1,train,C:\Users\CoirRaincoat\PyCharmMiscProject\AIcontest\AI\audit\competition_review\remediation_g1\dataset\train\labels\raw_fire_relabel_dp_20545.txt
C:\Users\CoirRaincoat\PyCharmMiscProject\AIcontest\AI\audit\competition_review\remediation_g1\dataset\train\images\raw_fire_relabel_dp_20546.jpg,raw_fire_relabel_dp_20546.jpg,1,train,C:\Users\CoirRaincoat\PyCharmMiscProject\AIcontest\AI\audit\competition_review\remediation_g1\dataset\train\labels\raw_fire_relabel_dp_20546.txt
C:\Users\CoirRaincoat\PyCharmMiscProject\AIcontest\AI\audit\competition_review\remediation_g1\dataset\train\images\raw_fire_relabel_dp_20547.jpg,raw_fire_relabel_dp_20547.jpg,1,train,C:\Users\CoirRaincoat\PyCharmMiscProject\AIcontest\AI\audit\competition_review\remediation_g1\dataset\train\labels\raw_fire_relabel_dp_20547.txt
C:\Users\CoirRaincoat\PyCharmMiscProject\AIcontest\AI\audit\competition_review\remediation_g1\dataset\train\images\raw_fire_relabel_dp_20548.jpg,raw_fire_relabel_dp_20548.jpg,1,train,C:\Users\CoirRaincoat\PyCharmMiscProject\AIcontest\AI\audit\competition_review\remediation_g1\dataset\train\labels\raw_fire_relabel_dp_20548.txt
C:\Users\CoirRaincoat\PyCharmMiscProject\AIcontest\AI\audit\competition_review\remediation_g1\dataset\train\images\raw_fire_relabel_dp_20549.jpg,raw_fire_relabel_dp_20549.jpg,0,train,C:\Users\CoirRaincoat\PyCharmMiscProject\AIcontest\AI\audit\competition_review\remediation_g1\dataset\train\labels\raw_fire_relabel_dp_20549.txt
C:\Users\CoirRaincoat\PyCharmMiscProject\AIcontest\AI\audit\competition_review\remediation_g1\dataset\train\images\raw_fire_relabel_dp_20550.jpg,raw_fire_relabel_dp_20550.jpg,1,train,C:\Users\CoirRaincoat\PyCharmMiscProject\AIcontest\AI\audit\competition_review\remediation_g1\dataset\train\labels\raw_fire_relabel_dp_20550.txt
C:\Users\CoirRaincoat\PyCharmMiscProject\AIcontest\AI\audit\competition_review\remediation_g1\dataset\train\images\raw_fire_relabel_dp_20551.jpg,raw_fire_relabel_dp_20551.jpg,1,train,C:\Users\CoirRaincoat\PyCharmMiscProject\AIcontest\AI\audit\competition_review\remediation_g1\dataset\train\labels\raw_fire_relabel_dp_20551.txt
C:\Users\CoirRaincoat\PyCharmMiscProject\AIcontest\AI\audit\competition_review\remediation_g1\dataset\train\images\raw_fire_relabel_dp_20552.jpg,raw_fire_relabel_dp_20552.jpg,0,train,C:\Users\CoirRaincoat\PyCharmMiscProject\AIcontest\AI\audit\competition_review\remediation_g1\dataset\train\labels\raw_fire_relabel_dp_20552.txt
C:\Users\CoirRaincoat\PyCharmMiscProject\AIcontest\AI\audit\competition_review\remediation_g1\dataset\train\images\raw_fire_relabel_dp_20553.jpg,raw_fire_relabel_dp_20553.jpg,1,train,C:\Users\CoirRaincoat\PyCharmMiscProject\AIcontest\AI\audit\competition_review\remediation_g1\dataset\train\labels\raw_fire_relabel_dp_20553.txt
C:\Users\CoirRaincoat\PyCharmMiscProject\AIcontest\AI\audit\competition_review\remediation_g1\dataset\train\images\raw_fire_relabel_dp_20554.jpg,raw_fire_relabel_dp_20554.jpg,1,train,C:\Users\CoirRaincoat\PyCharmMiscProject\AIcontest\AI\audit\competition_review\remediation_g1\dataset\train\labels\raw_fire_relabel_dp_20554.txt
C:\Users\CoirRaincoat\PyCharmMiscProject\AIcontest\AI\audit\competition_review\remediation_g1\dataset\train\images\raw_fire_relabel_dp_20555.jpg,raw_fire_relabel_dp_20555.jpg,1,train,C:\Users\CoirRaincoat\PyCharmMiscProject\AIcontest\AI\audit\competition_review\remediation_g1\dataset\train\labels\raw_fire_relabel_dp_20555.txt
C:\Users\CoirRaincoat\PyCharmMiscProject\AIcontest\AI\audit\competition_review\remediation_g1\dataset\train\images\raw_fire_relabel_dp_20556.jpg,raw_fire_relabel_dp_20556.jpg,1,train,C:\Users\CoirRaincoat\PyCharmMiscProject\AIcontest\AI\audit\competition_review\remediation_g1\dataset\train\labels\raw_fire_relabel_dp_20556.txt
C:\Users\CoirRaincoat\PyCharmMiscProject\AIcontest\AI\audit\competition_review\remediation_g1\dataset\train\images\raw_fire_relabel_dp_20558.jpg,raw_fire_relabel_dp_20558.jpg,1,train,C:\Users\CoirRaincoat\PyCharmMiscProject\AIcontest\AI\audit\competition_review\remediation_g1\dataset\train\labels\raw_fire_relabel_dp_20558.txt
C:\Users\CoirRaincoat\PyCharmMiscProject\AIcontest\AI\audit\competition_review\remediation_g1\dataset\train\images\raw_fire_relabel_dp_20559.jpg,raw_fire_relabel_dp_20559.jpg,1,train,C:\Users\CoirRaincoat\PyCharmMiscProject\AIcontest\AI\audit\competition_review\remediation_g1\dataset\train\labels\raw_fire_relabel_dp_20559.txt
C:\Users\CoirRaincoat\PyCharmMiscProject\AIcontest\AI\audit\competition_review\remediation_g1\dataset\train\images\raw_fire_relabel_dp_20560.jpg,raw_fire_relabel_dp_20560.jpg,1,train,C:\Users\CoirRaincoat\PyCharmMiscProject\AIcontest\AI\audit\competition_review\remediation_g1\dataset\train\labels\raw_fire_relabel_dp_20560.txt
C:\Users\CoirRaincoat\PyCharmMiscProject\AIcontest\AI\audit\competition_review\remediation_g1\dataset\train\images\raw_fire_relabel_dp_20561.jpg,raw_fire_relabel_dp_20561.jpg,1,train,C:\Users\CoirRaincoat\PyCharmMiscProject\AIcontest\AI\audit\competition_review\remediation_g1\dataset\train\labels\raw_fire_relabel_dp_20561.txt
C:\Users\CoirRaincoat\PyCharmMiscProject\AIcontest\AI\audit\competition_review\remediation_g1\dataset\train\images\raw_fire_relabel_dp_20562.jpg,raw_fire_relabel_dp_20562.jpg,1,train,C:\Users\CoirRaincoat\PyCharmMiscProject\AIcontest\AI\audit\competition_review\remediation_g1\dataset\train\labels\raw_fire_relabel_dp_20562.txt
C:\Users\CoirRaincoat\PyCharmMiscProject\AIcontest\AI\audit\competition_review\remediation_g1\dataset\train\images\raw_fire_relabel_dp_20565.jpg,raw_fire_relabel_dp_20565.jpg,1,train,C:\Users\CoirRaincoat\PyCharmMiscProject\AIcontest\AI\audit\competition_review\remediation_g1\dataset\train\labels\raw_fire_relabel_dp_20565.txt
C:\Users\CoirRaincoat\PyCharmMiscProject\AIcontest\AI\audit\competition_review\remediation_g1\dataset\train\images\raw_fire_relabel_dp_20566.jpg,raw_fire_relabel_dp_20566.jpg,1,train,C:\Users\CoirRaincoat\PyCharmMiscProject\AIcontest\AI\audit\competition_review\remediation_g1\dataset\train\labels\raw_fire_relabel_dp_20566.txt
C:\Users\CoirRaincoat\PyCharmMiscProject\AIcontest\AI\audit\competition_review\remediation_g1\dataset\train\images\raw_fire_relabel_dp_20567.jpg,raw_fire_relabel_dp_20567.jpg,1,train,C:\Users\CoirRaincoat\PyCharmMiscProject\AIcontest\AI\audit\competition_review\remediation_g1\dataset\train\labels\raw_fire_relabel_dp_20567.txt
C:\Users\CoirRaincoat\PyCharmMiscProject\AIcontest\AI\audit\competition_review\remediation_g1\dataset\train\images\raw_fire_relabel_dp_20568.jpg,raw_fire_relabel_dp_20568.jpg,1,train,C:\Users\CoirRaincoat\PyCharmMiscProject\AIcontest\AI\audit\competition_review\remediation_g1\dataset\train\labels\raw_fire_relabel_dp_20568.txt
C:\Users\CoirRaincoat\PyCharmMiscProject\AIcontest\AI\audit\competition_review\remediation_g1\dataset\train\images\raw_fire_relabel_dp_20569.jpg,raw_fire_relabel_dp_20569.jpg,1,train,C:\Users\CoirRaincoat\PyCharmMiscProject\AIcontest\AI\audit\competition_review\remediation_g1\dataset\train\labels\raw_fire_relabel_dp_20569.txt
C:\Users\CoirRaincoat\PyCharmMiscProject\AIcontest\AI\audit\competition_review\remediation_g1\dataset\train\images\raw_fire_relabel_dp_20588.jpg,raw_fire_relabel_dp_20588.jpg,1,train,C:\Users\CoirRaincoat\PyCharmMiscProject\AIcontest\AI\audit\competition_review\remediation_g1\dataset\train\labels\raw_fire_relabel_dp_20588.txt
C:\Users\CoirRaincoat\PyCharmMiscProject\AIcontest\AI\audit\competition_review\remediation_g1\dataset\train\images\raw_fire_relabel_dp_20589.jpg,raw_fire_relabel_dp_20589.jpg,1,train,C:\Users\CoirRaincoat\PyCharmMiscProject\AIcontest\AI\audit\competition_review\remediation_g1\dataset\train\labels\raw_fire_relabel_dp_20589.txt
C:\Users\CoirRaincoat\PyCharmMiscProject\AIcontest\AI\audit\competition_review\remediation_g1\dataset\train\images\raw_fire_relabel_dp_20591.jpg,raw_fire_relabel_dp_20591.jpg,1,train,C:\Users\CoirRaincoat\PyCharmMiscProject\AIcontest\AI\audit\competition_review\remediation_g1\dataset\train\labels\raw_fire_relabel_dp_20591.txt
C:\Users\CoirRaincoat\PyCharmMiscProject\AIcontest\AI\audit\competition_review\remediation_g1\dataset\train\images\raw_fire_relabel_dp_20592.jpg,raw_fire_relabel_dp_20592.jpg,1,train,C:\Users\CoirRaincoat\PyCharmMiscProject\AIcontest\AI\audit\competition_review\remediation_g1\dataset\train\labels\raw_fire_relabel_dp_20592.txt
C:\Users\CoirRaincoat\PyCharmMiscProject\AIcontest\AI\audit\competition_review\remediation_g1\dataset\train\images\raw_fire_relabel_dp_20593.jpg,raw_fire_relabel_dp_20593.jpg,1,train,C:\Users\CoirRaincoat\PyCharmMiscProject\AIcontest\AI\audit\competition_review\remediation_g1\dataset\train\labels\raw_fire_relabel_dp_20593.txt
C:\Users\CoirRaincoat\PyCharmMiscProject\AIcontest\AI\audit\competition_review\remediation_g1\dataset\train\images\raw_fire_relabel_dp_20597.png,raw_fire_relabel_dp_20597.png,1,train,C:\Users\CoirRaincoat\PyCharmMiscProject\AIcontest\AI\audit\competition_review\remediation_g1\dataset\train\labels\raw_fire_relabel_dp_20597.txt
C:\Users\CoirRaincoat\PyCharmMiscProject\AIcontest\AI\audit\competition_review\remediation_g1\dataset\train\images\raw_fire_relabel_dp_20599.jpg,raw_fire_relabel_dp_20599.jpg,1,train,C:\Users\CoirRaincoat\PyCharmMiscProject\AIcontest\AI\audit\competition_review\remediation_g1\dataset\train\labels\raw_fire_relabel_dp_20599.txt
C:\Users\CoirRaincoat\PyCharmMiscProject\AIcontest\AI\audit\competition_review\remediation_g1\dataset\train\images\raw_fire_relabel_dp_20600.jpg,raw_fire_relabel_dp_20600.jpg,1,train,C:\Users\CoirRaincoat\PyCharmMiscProject\AIcontest\AI\audit\competition_review\remediation_g1\dataset\train\labels\raw_fire_relabel_dp_20600.txt
C:\Users\CoirRaincoat\PyCharmMiscProject\AIcontest\AI\audit\competition_review\remediation_g1\dataset\train\images\raw_fire_relabel_dp_20601.png,raw_fire_relabel_dp_20601.png,1,train,C:\Users\CoirRaincoat\PyCharmMiscProject\AIcontest\AI\audit\competition_review\remediation_g1\dataset\train\labels\raw_fire_relabel_dp_20601.txt
C:\Users\CoirRaincoat\PyCharmMiscProject\AIcontest\AI\audit\competition_review\remediation_g1\dataset\train\images\raw_fire_relabel_dp_20602.jpg,raw_fire_relabel_dp_20602.jpg,1,train,C:\Users\CoirRaincoat\PyCharmMiscProject\AIcontest\AI\audit\competition_review\remediation_g1\dataset\train\labels\raw_fire_relabel_dp_20602.txt
C:\Users\CoirRaincoat\PyCharmMiscProject\AIcontest\AI\audit\competition_review\remediation_g1\dataset\train\images\raw_fire_relabel_dp_20603.jpg,raw_fire_relabel_dp_20603.jpg,0,train,C:\Users\CoirRaincoat\PyCharmMiscProject\AIcontest\AI\audit\competition_review\remediation_g1\dataset\train\labels\raw_fire_relabel_dp_20603.txt
C:\Users\CoirRaincoat\PyCharmMiscProject\AIcontest\AI\audit\competition_review\remediation_g1\dataset\train\images\raw_fire_relabel_dp_20606.jpg,raw_fire_relabel_dp_20606.jpg,1,train,C:\Users\CoirRaincoat\PyCharmMiscProject\AIcontest\AI\audit\competition_review\remediation_g1\dataset\train\labels\raw_fire_relabel_dp_20606.txt
C:\Users\CoirRaincoat\PyCharmMiscProject\AIcontest\AI\audit\competition_review\remediation_g1\dataset\train\images\raw_fire_relabel_dp_20607.jpg,raw_fire_relabel_dp_20607.jpg,1,train,C:\Users\CoirRaincoat\PyCharmMiscProject\AIcontest\AI\audit\competition_review\remediation_g1\dataset\train\labels\raw_fire_relabel_dp_20607.txt
C:\Users\CoirRaincoat\PyCharmMiscProject\AIcontest\AI\audit\competition_review\remediation_g1\dataset\train\images\raw_fire_relabel_dp_20608.jpg,raw_fire_relabel_dp_20608.jpg,1,train,C:\Users\CoirRaincoat\PyCharmMiscProject\AIcontest\AI\audit\competition_review\remediation_g1\dataset\train\labels\raw_fire_relabel_dp_20608.txt
C:\Users\CoirRaincoat\PyCharmMiscProject\AIcontest\AI\audit\competition_review\remediation_g1\dataset\train\images\raw_fire_relabel_dp_20609.jpg,raw_fire_relabel_dp_20609.jpg,0,train,C:\Users\CoirRaincoat\PyCharmMiscProject\AIcontest\AI\audit\competition_review\remediation_g1\dataset\train\labels\raw_fire_relabel_dp_20609.txt
C:\Users\CoirRaincoat\PyCharmMiscProject\AIcontest\AI\audit\competition_review\remediation_g1\dataset\train\images\raw_fire_relabel_dp_20610.jpg,raw_fire_relabel_dp_20610.jpg,1,train,C:\Users\CoirRaincoat\PyCharmMiscProject\AIcontest\AI\audit\competition_review\remediation_g1\dataset\train\labels\raw_fire_relabel_dp_20610.txt
C:\Users\CoirRaincoat\PyCharmMiscProject\AIcontest\AI\audit\competition_review\remediation_g1\dataset\train\images\raw_fire_relabel_dp_20612.jpg,raw_fire_relabel_dp_20612.jpg,1,train,C:\Users\CoirRaincoat\PyCharmMiscProject\AIcontest\AI\audit\competition_review\remediation_g1\dataset\train\labels\raw_fire_relabel_dp_20612.txt
C:\Users\CoirRaincoat\PyCharmMiscProject\AIcontest\AI\audit\competition_review\remediation_g1\dataset\train\images\raw_fire_relabel_dp_20613.jpg,raw_fire_relabel_dp_20613.jpg,1,train,C:\Users\CoirRaincoat\PyCharmMiscProject\AIcontest\AI\audit\competition_review\remediation_g1\dataset\train\labels\raw_fire_relabel_dp_20613.txt
C:\Users\CoirRaincoat\PyCharmMiscProject\AIcontest\AI\audit\competition_review\remediation_g1\dataset\train\images\raw_fire_relabel_dp_20614.jpg,raw_fire_relabel_dp_20614.jpg,1,train,C:\Users\CoirRaincoat\PyCharmMiscProject\AIcontest\AI\audit\competition_review\remediation_g1\dataset\train\labels\raw_fire_relabel_dp_20614.txt
C:\Users\CoirRaincoat\PyCharmMiscProject\AIcontest\AI\audit\competition_review\remediation_g1\dataset\train\images\raw_fire_relabel_dp_20615.jpg,raw_fire_relabel_dp_20615.jpg,1,train,C:\Users\CoirRaincoat\PyCharmMiscProject\AIcontest\AI\audit\competition_review\remediation_g1\dataset\train\labels\raw_fire_relabel_dp_20615.txt
C:\Users\CoirRaincoat\PyCharmMiscProject\AIcontest\AI\audit\competition_review\remediation_g1\dataset\train\images\raw_fire_relabel_dp_20616.jpg,raw_fire_relabel_dp_20616.jpg,1,train,C:\Users\CoirRaincoat\PyCharmMiscProject\AIcontest\AI\audit\competition_review\remediation_g1\dataset\train\labels\raw_fire_relabel_dp_20616.txt
C:\Users\CoirRaincoat\PyCharmMiscProject\AIcontest\AI\audit\competition_review\remediation_g1\dataset\train\images\raw_fire_relabel_dp_20617.jpg,raw_fire_relabel_dp_20617.jpg,1,train,C:\Users\CoirRaincoat\PyCharmMiscProject\AIcontest\AI\audit\competition_review\remediation_g1\dataset\train\labels\raw_fire_relabel_dp_20617.txt
C:\Users\CoirRaincoat\PyCharmMiscProject\AIcontest\AI\audit\competition_review\remediation_g1\dataset\train\images\raw_fire_relabel_dp_20618.jpg,raw_fire_relabel_dp_20618.jpg,1,train,C:\Users\CoirRaincoat\PyCharmMiscProject\AIcontest\AI\audit\competition_review\remediation_g1\dataset\train\labels\raw_fire_relabel_dp_20618.txt
C:\Users\CoirRaincoat\PyCharmMiscProject\AIcontest\AI\audit\competition_review\remediation_g1\dataset\train\images\raw_fire_relabel_dp_20620.jpg,raw_fire_relabel_dp_20620.jpg,0,train,C:\Users\CoirRaincoat\PyCharmMiscProject\AIcontest\AI\audit\competition_review\remediation_g1\dataset\train\labels\raw_fire_relabel_dp_20620.txt
C:\Users\CoirRaincoat\PyCharmMiscProject\AIcontest\AI\audit\competition_review\remediation_g1\dataset\train\images\raw_fire_relabel_dp_20621.jpg,raw_fire_relabel_dp_20621.jpg,1,train,C:\Users\CoirRaincoat\PyCharmMiscProject\AIcontest\AI\audit\competition_review\remediation_g1\dataset\train\labels\raw_fire_relabel_dp_20621.txt
C:\Users\CoirRaincoat\PyCharmMiscProject\AIcontest\AI\audit\competition_review\remediation_g1\dataset\train\images\raw_fire_relabel_dp_20623.jpg,raw_fire_relabel_dp_20623.jpg,1,train,C:\Users\CoirRaincoat\PyCharmMiscProject\AIcontest\AI\audit\competition_review\remediation_g1\dataset\train\labels\raw_fire_relabel_dp_20623.txt
C:\Users\CoirRaincoat\PyCharmMiscProject\AIcontest\AI\audit\competition_review\remediation_g1\dataset\train\images\raw_fire_relabel_dp_20624.jpg,raw_fire_relabel_dp_20624.jpg,1,train,C:\Users\CoirRaincoat\PyCharmMiscProject\AIcontest\AI\audit\competition_review\remediation_g1\dataset\train\labels\raw_fire_relabel_dp_20624.txt
C:\Users\CoirRaincoat\PyCharmMiscProject\AIcontest\AI\audit\competition_review\remediation_g1\dataset\train\images\raw_fire_relabel_dp_20626.jpg,raw_fire_relabel_dp_20626.jpg,1,train,C:\Users\CoirRaincoat\PyCharmMiscProject\AIcontest\AI\audit\competition_review\remediation_g1\dataset\train\labels\raw_fire_relabel_dp_20626.txt
C:\Users\CoirRaincoat\PyCharmMiscProject\AIcontest\AI\audit\competition_review\remediation_g1\dataset\train\images\raw_fire_relabel_dp_20627.jpg,raw_fire_relabel_dp_20627.jpg,1,train,C:\Users\CoirRaincoat\PyCharmMiscProject\AIcontest\AI\audit\competition_review\remediation_g1\dataset\train\labels\raw_fire_relabel_dp_20627.txt
C:\Users\CoirRaincoat\PyCharmMiscProject\AIcontest\AI\audit\competition_review\remediation_g1\dataset\train\images\raw_fire_relabel_dp_20628.jpg,raw_fire_relabel_dp_20628.jpg,1,train,C:\Users\CoirRaincoat\PyCharmMiscProject\AIcontest\AI\audit\competition_review\remediation_g1\dataset\train\labels\raw_fire_relabel_dp_20628.txt
C:\Users\CoirRaincoat\PyCharmMiscProject\AIcontest\AI\audit\competition_review\remediation_g1\dataset\train\images\raw_fire_relabel_dp_20630.jpg,raw_fire_relabel_dp_20630.jpg,1,train,C:\Users\CoirRaincoat\PyCharmMiscProject\AIcontest\AI\audit\competition_review\remediation_g1\dataset\train\labels\raw_fire_relabel_dp_20630.txt
C:\Users\CoirRaincoat\PyCharmMiscProject\AIcontest\AI\audit\competition_review\remediation_g1\dataset\train\images\raw_fire_relabel_dp_20632.jpg,raw_fire_relabel_dp_20632.jpg,1,train,C:\Users\CoirRaincoat\PyCharmMiscProject\AIcontest\AI\audit\competition_review\remediation_g1\dataset\train\labels\raw_fire_relabel_dp_20632.txt
C:\Users\CoirRaincoat\PyCharmMiscProject\AIcontest\AI\audit\competition_review\remediation_g1\dataset\train\images\raw_fire_relabel_dp_20634.jpg,raw_fire_relabel_dp_20634.jpg,1,train,C:\Users\CoirRaincoat\PyCharmMiscProject\AIcontest\AI\audit\competition_review\remediation_g1\dataset\train\labels\raw_fire_relabel_dp_20634.txt
C:\Users\CoirRaincoat\PyCharmMiscProject\AIcontest\AI\audit\competition_review\remediation_g1\dataset\train\images\raw_fire_relabel_dp_20635.jpg,raw_fire_relabel_dp_20635.jpg,1,train,C:\Users\CoirRaincoat\PyCharmMiscProject\AIcontest\AI\audit\competition_review\remediation_g1\dataset\train\labels\raw_fire_relabel_dp_20635.txt
C:\Users\CoirRaincoat\PyCharmMiscProject\AIcontest\AI\audit\competition_review\remediation_g1\dataset\train\images\raw_fire_relabel_dp_20636.jpg,raw_fire_relabel_dp_20636.jpg,1,train,C:\Users\CoirRaincoat\PyCharmMiscProject\AIcontest\AI\audit\competition_review\remediation_g1\dataset\train\labels\raw_fire_relabel_dp_20636.txt
C:\Users\CoirRaincoat\PyCharmMiscProject\AIcontest\AI\audit\competition_review\remediation_g1\dataset\train\images\raw_fire_relabel_dp_20637.jpg,raw_fire_relabel_dp_20637.jpg,1,train,C:\Users\CoirRaincoat\PyCharmMiscProject\AIcontest\AI\audit\competition_review\remediation_g1\dataset\train\labels\raw_fire_relabel_dp_20637.txt
C:\Users\CoirRaincoat\PyCharmMiscProject\AIcontest\AI\audit\competition_review\remediation_g1\dataset\train\images\raw_fire_relabel_dp_20638.jpg,raw_fire_relabel_dp_20638.jpg,0,train,C:\Users\CoirRaincoat\PyCharmMiscProject\AIcontest\AI\audit\competition_review\remediation_g1\dataset\train\labels\raw_fire_relabel_dp_20638.txt
C:\Users\CoirRaincoat\PyCharmMiscProject\AIcontest\AI\audit\competition_review\remediation_g1\dataset\train\images\raw_fire_relabel_dp_20639.png,raw_fire_relabel_dp_20639.png,1,train,C:\Users\CoirRaincoat\PyCharmMiscProject\AIcontest\AI\audit\competition_review\remediation_g1\dataset\train\labels\raw_fire_relabel_dp_20639.txt
C:\Users\CoirRaincoat\PyCharmMiscProject\AIcontest\AI\audit\competition_review\remediation_g1\dataset\train\images\raw_fire_relabel_dp_20641.jpg,raw_fire_relabel_dp_20641.jpg,1,train,C:\Users\CoirRaincoat\PyCharmMiscProject\AIcontest\AI\audit\competition_review\remediation_g1\dataset\train\labels\raw_fire_relabel_dp_20641.txt
C:\Users\CoirRaincoat\PyCharmMiscProject\AIcontest\AI\audit\competition_review\remediation_g1\dataset\train\images\raw_fire_relabel_dp_20642.jpg,raw_fire_relabel_dp_20642.jpg,1,train,C:\Users\CoirRaincoat\PyCharmMiscProject\AIcontest\AI\audit\competition_review\remediation_g1\dataset\train\labels\raw_fire_relabel_dp_20642.txt
C:\Users\CoirRaincoat\PyCharmMiscProject\AIcontest\AI\audit\competition_review\remediation_g1\dataset\train\images\raw_fire_relabel_dp_20643.png,raw_fire_relabel_dp_20643.png,1,train,C:\Users\CoirRaincoat\PyCharmMiscProject\AIcontest\AI\audit\competition_review\remediation_g1\dataset\train\labels\raw_fire_relabel_dp_20643.txt
C:\Users\CoirRaincoat\PyCharmMiscProject\AIcontest\AI\audit\competition_review\remediation_g1\dataset\train\images\raw_fire_relabel_dp_20644.jpg,raw_fire_relabel_dp_20644.jpg,1,train,C:\Users\CoirRaincoat\PyCharmMiscProject\AIcontest\AI\audit\competition_review\remediation_g1\dataset\train\labels\raw_fire_relabel_dp_20644.txt
C:\Users\CoirRaincoat\PyCharmMiscProject\AIcontest\AI\audit\competition_review\remediation_g1\dataset\train\images\raw_fire_relabel_dp_20646.jpg,raw_fire_relabel_dp_20646.jpg,1,train,C:\Users\CoirRaincoat\PyCharmMiscProject\AIcontest\AI\audit\competition_review\remediation_g1\dataset\train\labels\raw_fire_relabel_dp_20646.txt
C:\Users\CoirRaincoat\PyCharmMiscProject\AIcontest\AI\audit\competition_review\remediation_g1\dataset\train\images\raw_fire_relabel_dp_20648.jpg,raw_fire_relabel_dp_20648.jpg,1,train,C:\Users\CoirRaincoat\PyCharmMiscProject\AIcontest\AI\audit\competition_review\remediation_g1\dataset\train\labels\raw_fire_relabel_dp_20648.txt
C:\Users\CoirRaincoat\PyCharmMiscProject\AIcontest\AI\audit\competition_review\remediation_g1\dataset\train\images\raw_fire_relabel_dp_20649.jpg,raw_fire_relabel_dp_20649.jpg,1,train,C:\Users\CoirRaincoat\PyCharmMiscProject\AIcontest\AI\audit\competition_review\remediation_g1\dataset\train\labels\raw_fire_relabel_dp_20649.txt
C:\Users\CoirRaincoat\PyCharmMiscProject\AIcontest\AI\audit\competition_review\remediation_g1\dataset\train\images\raw_fire_relabel_dp_20650.jpg,raw_fire_relabel_dp_20650.jpg,1,train,C:\Users\CoirRaincoat\PyCharmMiscProject\AIcontest\AI\audit\competition_review\remediation_g1\dataset\train\labels\raw_fire_relabel_dp_20650.txt
C:\Users\CoirRaincoat\PyCharmMiscProject\AIcontest\AI\audit\competition_review\remediation_g1\dataset\train\images\raw_fire_relabel_dp_20652.jpg,raw_fire_relabel_dp_20652.jpg,0,train,C:\Users\CoirRaincoat\PyCharmMiscProject\AIcontest\AI\audit\competition_review\remediation_g1\dataset\train\labels\raw_fire_relabel_dp_20652.txt
C:\Users\CoirRaincoat\PyCharmMiscProject\AIcontest\AI\audit\competition_review\remediation_g1\dataset\train\images\raw_fire_relabel_dp_20653.jpg,raw_fire_relabel_dp_20653.jpg,0,train,C:\Users\CoirRaincoat\PyCharmMiscProject\AIcontest\AI\audit\competition_review\remediation_g1\dataset\train\labels\raw_fire_relabel_dp_20653.txt
C:\Users\CoirRaincoat\PyCharmMiscProject\AIcontest\AI\audit\competition_review\remediation_g1\dataset\train\images\raw_fire_relabel_dp_20654.jpg,raw_fire_relabel_dp_20654.jpg,1,train,C:\Users\CoirRaincoat\PyCharmMiscProject\AIcontest\AI\audit\competition_review\remediation_g1\dataset\train\labels\raw_fire_relabel_dp_20654.txt
C:\Users\CoirRaincoat\PyCharmMiscProject\AIcontest\AI\audit\competition_review\remediation_g1\dataset\train\images\raw_fire_relabel_dp_20657.jpg,raw_fire_relabel_dp_20657.jpg,1,train,C:\Users\CoirRaincoat\PyCharmMiscProject\AIcontest\AI\audit\competition_review\remediation_g1\dataset\train\labels\raw_fire_relabel_dp_20657.txt
C:\Users\CoirRaincoat\PyCharmMiscProject\AIcontest\AI\audit\competition_review\remediation_g1\dataset\train\images\raw_fire_relabel_dp_20658.jpg,raw_fire_relabel_dp_20658.jpg,1,train,C:\Users\CoirRaincoat\PyCharmMiscProject\AIcontest\AI\audit\competition_review\remediation_g1\dataset\train\labels\raw_fire_relabel_dp_20658.txt
C:\Users\CoirRaincoat\PyCharmMiscProject\AIcontest\AI\audit\competition_review\remediation_g1\dataset\train\images\raw_fire_relabel_dp_20659.jpg,raw_fire_relabel_dp_20659.jpg,1,train,C:\Users\CoirRaincoat\PyCharmMiscProject\AIcontest\AI\audit\competition_review\remediation_g1\dataset\train\labels\raw_fire_relabel_dp_20659.txt
C:\Users\CoirRaincoat\PyCharmMiscProject\AIcontest\AI\audit\competition_review\remediation_g1\dataset\train\images\raw_fire_relabel_dp_20660.jpg,raw_fire_relabel_dp_20660.jpg,1,train,C:\Users\CoirRaincoat\PyCharmMiscProject\AIcontest\AI\audit\competition_review\remediation_g1\dataset\train\labels\raw_fire_relabel_dp_20660.txt
C:\Users\CoirRaincoat\PyCharmMiscProject\AIcontest\AI\audit\competition_review\remediation_g1\dataset\train\images\raw_fire_relabel_dp_20664.jpg,raw_fire_relabel_dp_20664.jpg,0,train,C:\Users\CoirRaincoat\PyCharmMiscProject\AIcontest\AI\audit\competition_review\remediation_g1\dataset\train\labels\raw_fire_relabel_dp_20664.txt
C:\Users\CoirRaincoat\PyCharmMiscProject\AIcontest\AI\audit\competition_review\remediation_g1\dataset\train\images\raw_fire_relabel_dp_20665.jpg,raw_fire_relabel_dp_20665.jpg,1,train,C:\Users\CoirRaincoat\PyCharmMiscProject\AIcontest\AI\audit\competition_review\remediation_g1\dataset\train\labels\raw_fire_relabel_dp_20665.txt
C:\Users\CoirRaincoat\PyCharmMiscProject\AIcontest\AI\audit\competition_review\remediation_g1\dataset\train\images\raw_fire_relabel_dp_20667.jpg,raw_fire_relabel_dp_20667.jpg,1,train,C:\Users\CoirRaincoat\PyCharmMiscProject\AIcontest\AI\audit\competition_review\remediation_g1\dataset\train\labels\raw_fire_relabel_dp_20667.txt
C:\Users\CoirRaincoat\PyCharmMiscProject\AIcontest\AI\audit\competition_review\remediation_g1\dataset\train\images\raw_fire_relabel_dp_20668.png,raw_fire_relabel_dp_20668.png,1,train,C:\Users\CoirRaincoat\PyCharmMiscProject\AIcontest\AI\audit\competition_review\remediation_g1\dataset\train\labels\raw_fire_relabel_dp_20668.txt
C:\Users\CoirRaincoat\PyCharmMiscProject\AIcontest\AI\audit\competition_review\remediation_g1\dataset\train\images\raw_fire_relabel_dp_20669.jpg,raw_fire_relabel_dp_20669.jpg,1,train,C:\Users\CoirRaincoat\PyCharmMiscProject\AIcontest\AI\audit\competition_review\remediation_g1\dataset\train\labels\raw_fire_relabel_dp_20669.txt
C:\Users\CoirRaincoat\PyCharmMiscProject\AIcontest\AI\audit\competition_review\remediation_g1\dataset\train\images\raw_fire_relabel_dp_20671.jpg,raw_fire_relabel_dp_20671.jpg,1,train,C:\Users\CoirRaincoat\PyCharmMiscProject\AIcontest\AI\audit\competition_review\remediation_g1\dataset\train\labels\raw_fire_relabel_dp_20671.txt
C:\Users\CoirRaincoat\PyCharmMiscProject\AIcontest\AI\audit\competition_review\remediation_g1\dataset\train\images\raw_fire_relabel_dp_20672.jpg,raw_fire_relabel_dp_20672.jpg,1,train,C:\Users\CoirRaincoat\PyCharmMiscProject\AIcontest\AI\audit\competition_review\remediation_g1\dataset\train\labels\raw_fire_relabel_dp_20672.txt
C:\Users\CoirRaincoat\PyCharmMiscProject\AIcontest\AI\audit\competition_review\remediation_g1\dataset\train\images\raw_fire_relabel_dp_20674.jpg,raw_fire_relabel_dp_20674.jpg,1,train,C:\Users\CoirRaincoat\PyCharmMiscProject\AIcontest\AI\audit\competition_review\remediation_g1\dataset\train\labels\raw_fire_relabel_dp_20674.txt
C:\Users\CoirRaincoat\PyCharmMiscProject\AIcontest\AI\audit\competition_review\remediation_g1\dataset\train\images\raw_fire_relabel_dp_20676.jpg,raw_fire_relabel_dp_20676.jpg,1,train,C:\Users\CoirRaincoat\PyCharmMiscProject\AIcontest\AI\audit\competition_review\remediation_g1\dataset\train\labels\raw_fire_relabel_dp_20676.txt
C:\Users\CoirRaincoat\PyCharmMiscProject\AIcontest\AI\audit\competition_review\remediation_g1\dataset\train\images\raw_fire_relabel_dp_20677.jpg,raw_fire_relabel_dp_20677.jpg,1,train,C:\Users\CoirRaincoat\PyCharmMiscProject\AIcontest\AI\audit\competition_review\remediation_g1\dataset\train\labels\raw_fire_relabel_dp_20677.txt
C:\Users\CoirRaincoat\PyCharmMiscProject\AIcontest\AI\audit\competition_review\remediation_g1\dataset\train\images\raw_fire_relabel_dp_20678.jpg,raw_fire_relabel_dp_20678.jpg,1,train,C:\Users\CoirRaincoat\PyCharmMiscProject\AIcontest\AI\audit\competition_review\remediation_g1\dataset\train\labels\raw_fire_relabel_dp_20678.txt
C:\Users\CoirRaincoat\PyCharmMiscProject\AIcontest\AI\audit\competition_review\remediation_g1\dataset\train\images\raw_fire_relabel_dp_20679.jpg,raw_fire_relabel_dp_20679.jpg,1,train,C:\Users\CoirRaincoat\PyCharmMiscProject\AIcontest\AI\audit\competition_review\remediation_g1\dataset\train\labels\raw_fire_relabel_dp_20679.txt
C:\Users\CoirRaincoat\PyCharmMiscProject\AIcontest\AI\audit\competition_review\remediation_g1\dataset\train\images\raw_fire_relabel_dp_20680.jpg,raw_fire_relabel_dp_20680.jpg,1,train,C:\Users\CoirRaincoat\PyCharmMiscProject\AIcontest\AI\audit\competition_review\remediation_g1\dataset\train\labels\raw_fire_relabel_dp_20680.txt
C:\Users\CoirRaincoat\PyCharmMiscProject\AIcontest\AI\audit\competition_review\remediation_g1\dataset\train\images\raw_fire_relabel_dp_20681.jpg,raw_fire_relabel_dp_20681.jpg,0,train,C:\Users\CoirRaincoat\PyCharmMiscProject\AIcontest\AI\audit\competition_review\remediation_g1\dataset\train\labels\raw_fire_relabel_dp_20681.txt
C:\Users\CoirRaincoat\PyCharmMiscProject\AIcontest\AI\audit\competition_review\remediation_g1\dataset\train\images\raw_fire_relabel_dp_20682.jpg,raw_fire_relabel_dp_20682.jpg,1,train,C:\Users\CoirRaincoat\PyCharmMiscProject\AIcontest\AI\audit\competition_review\remediation_g1\dataset\train\labels\raw_fire_relabel_dp_20682.txt
C:\Users\CoirRaincoat\PyCharmMiscProject\AIcontest\AI\audit\competition_review\remediation_g1\dataset\train\images\raw_fire_relabel_dp_20683.jpg,raw_fire_relabel_dp_20683.jpg,0,train,C:\Users\CoirRaincoat\PyCharmMiscProject\AIcontest\AI\audit\competition_review\remediation_g1\dataset\train\labels\raw_fire_relabel_dp_20683.txt
C:\Users\CoirRaincoat\PyCharmMiscProject\AIcontest\AI\audit\competition_review\remediation_g1\dataset\train\images\raw_fire_relabel_dp_20684.jpg,raw_fire_relabel_dp_20684.jpg,1,train,C:\Users\CoirRaincoat\PyCharmMiscProject\AIcontest\AI\audit\competition_review\remediation_g1\dataset\train\labels\raw_fire_relabel_dp_20684.txt
C:\Users\CoirRaincoat\PyCharmMiscProject\AIcontest\AI\audit\competition_review\remediation_g1\dataset\train\images\raw_fire_relabel_dp_20685.jpg,raw_fire_relabel_dp_20685.jpg,1,train,C:\Users\CoirRaincoat\PyCharmMiscProject\AIcontest\AI\audit\competition_review\remediation_g1\dataset\train\labels\raw_fire_relabel_dp_20685.txt
C:\Users\CoirRaincoat\PyCharmMiscProject\AIcontest\AI\audit\competition_review\remediation_g1\dataset\train\images\raw_fire_relabel_dp_20687.jpg,raw_fire_relabel_dp_20687.jpg,1,train,C:\Users\CoirRaincoat\PyCharmMiscProject\AIcontest\AI\audit\competition_review\remediation_g1\dataset\train\labels\raw_fire_relabel_dp_20687.txt
C:\Users\CoirRaincoat\PyCharmMiscProject\AIcontest\AI\audit\competition_review\remediation_g1\dataset\train\images\raw_fire_relabel_dp_20688.jpg,raw_fire_relabel_dp_20688.jpg,1,train,C:\Users\CoirRaincoat\PyCharmMiscProject\AIcontest\AI\audit\competition_review\remediation_g1\dataset\train\labels\raw_fire_relabel_dp_20688.txt
C:\Users\CoirRaincoat\PyCharmMiscProject\AIcontest\AI\audit\competition_review\remediation_g1\dataset\train\images\raw_fire_relabel_dp_20691.jpg,raw_fire_relabel_dp_20691.jpg,1,train,C:\Users\CoirRaincoat\PyCharmMiscProject\AIcontest\AI\audit\competition_review\remediation_g1\dataset\train\labels\raw_fire_relabel_dp_20691.txt
C:\Users\CoirRaincoat\PyCharmMiscProject\AIcontest\AI\audit\competition_review\remediation_g1\dataset\train\images\raw_fire_relabel_dp_20692.jpg,raw_fire_relabel_dp_20692.jpg,1,train,C:\Users\CoirRaincoat\PyCharmMiscProject\AIcontest\AI\audit\competition_review\remediation_g1\dataset\train\labels\raw_fire_relabel_dp_20692.txt
C:\Users\CoirRaincoat\PyCharmMiscProject\AIcontest\AI\audit\competition_review\remediation_g1\dataset\train\images\raw_fire_relabel_dp_20693.jpg,raw_fire_relabel_dp_20693.jpg,1,train,C:\Users\CoirRaincoat\PyCharmMiscProject\AIcontest\AI\audit\competition_review\remediation_g1\dataset\train\labels\raw_fire_relabel_dp_20693.txt
C:\Users\CoirRaincoat\PyCharmMiscProject\AIcontest\AI\audit\competition_review\remediation_g1\dataset\train\images\raw_fire_relabel_dp_20696.jpg,raw_fire_relabel_dp_20696.jpg,1,train,C:\Users\CoirRaincoat\PyCharmMiscProject\AIcontest\AI\audit\competition_review\remediation_g1\dataset\train\labels\raw_fire_relabel_dp_20696.txt
C:\Users\CoirRaincoat\PyCharmMiscProject\AIcontest\AI\audit\competition_review\remediation_g1\dataset\train\images\raw_fire_relabel_dp_20697.jpg,raw_fire_relabel_dp_20697.jpg,1,train,C:\Users\CoirRaincoat\PyCharmMiscProject\AIcontest\AI\audit\competition_review\remediation_g1\dataset\train\labels\raw_fire_relabel_dp_20697.txt
C:\Users\CoirRaincoat\PyCharmMiscProject\AIcontest\AI\audit\competition_review\remediation_g1\dataset\train\images\raw_fire_relabel_dp_20698.jpg,raw_fire_relabel_dp_20698.jpg,1,train,C:\Users\CoirRaincoat\PyCharmMiscProject\AIcontest\AI\audit\competition_review\remediation_g1\dataset\train\labels\raw_fire_relabel_dp_20698.txt
C:\Users\CoirRaincoat\PyCharmMiscProject\AIcontest\AI\audit\competition_review\remediation_g1\dataset\train\images\raw_fire_relabel_dp_20700.jpg,raw_fire_relabel_dp_20700.jpg,1,train,C:\Users\CoirRaincoat\PyCharmMiscProject\AIcontest\AI\audit\competition_review\remediation_g1\dataset\train\labels\raw_fire_relabel_dp_20700.txt
C:\Users\CoirRaincoat\PyCharmMiscProject\AIcontest\AI\audit\competition_review\remediation_g1\dataset\train\images\raw_fire_relabel_dp_20701.jpg,raw_fire_relabel_dp_20701.jpg,1,train,C:\Users\CoirRaincoat\PyCharmMiscProject\AIcontest\AI\audit\competition_review\remediation_g1\dataset\train\labels\raw_fire_relabel_dp_20701.txt
C:\Users\CoirRaincoat\PyCharmMiscProject\AIcontest\AI\audit\competition_review\remediation_g1\dataset\train\images\raw_fire_relabel_dp_20702.jpg,raw_fire_relabel_dp_20702.jpg,1,train,C:\Users\CoirRaincoat\PyCharmMiscProject\AIcontest\AI\audit\competition_review\remediation_g1\dataset\train\labels\raw_fire_relabel_dp_20702.txt
C:\Users\CoirRaincoat\PyCharmMiscProject\AIcontest\AI\audit\competition_review\remediation_g1\dataset\train\images\raw_fire_relabel_dp_20703.jpg,raw_fire_relabel_dp_20703.jpg,1,train,C:\Users\CoirRaincoat\PyCharmMiscProject\AIcontest\AI\audit\competition_review\remediation_g1\dataset\train\labels\raw_fire_relabel_dp_20703.txt
C:\Users\CoirRaincoat\PyCharmMiscProject\AIcontest\AI\audit\competition_review\remediation_g1\dataset\train\images\raw_fire_relabel_dp_20704.jpg,raw_fire_relabel_dp_20704.jpg,1,train,C:\Users\CoirRaincoat\PyCharmMiscProject\AIcontest\AI\audit\competition_review\remediation_g1\dataset\train\labels\raw_fire_relabel_dp_20704.txt
